i1,j1,i2,j2,r,g,b
1,528,15,514,120,120,120
1,528,35,514,120,120,120
1,528,31,504,120,120,120
2,440,35,447,163,163,163
2,440,44,432,163,163,163
2,440,49,435,163,163,163
15,514,31,504,126,126,126
15,514,1,528,126,126,126
15,514,35,514,126,126,126
31,504,35,514,131,131,131
31,504,46,513,131,131,131
31,504,15,514,131,131,131
35,447,44,432,155,155,155
35,447,49,435,155,155,155
35,447,58,434,155,155,155
35,514,31,504,126,126,126
35,514,46,513,126,126,126
35,514,15,514,126,126,126
42,366,56,361,174,174,174
42,366,64,362,174,174,174
42,366,66,353,174,174,174
44,432,49,435,159,159,159
44,432,58,434,159,159,159
44,432,35,447,159,159,159
46,513,35,514,121,121,121
46,513,31,504,121,121,121
46,513,65,525,121,121,121
49,435,44,432,157,157,157
49,435,58,434,157,157,157
49,435,35,447,157,157,157
54,337,55,340,8,8,8
54,337,57,331,8,8,8
54,337,59,342,8,8,8
55,340,54,337,4,4,4
55,340,59,342,4,4,4
55,340,57,331,4,4,4
56,361,64,362,14,14,14
56,361,66,353,14,14,14
56,361,65,351,14,14,14
57,331,61,327,3,3,3
57,331,54,337,3,3,3
57,331,55,340,3,3,3
58,318,61,327,3,3,3
58,318,57,331,3,3,3
58,318,67,328,3,3,3
58,434,49,435,154,154,154
58,434,44,432,154,154,154
58,434,35,447,154,154,154
59,342,55,340,3,3,3
59,342,54,337,3,3,3
59,342,65,337,3,3,3
61,327,57,331,3,3,3
61,327,67,328,3,3,3
61,327,58,318,3,3,3
64,362,56,361,4,4,4
64,362,66,353,4,4,4
64,362,69,370,4,4,4
65,337,70,341,3,3,3
65,337,71,341,3,3,3
65,337,59,342,3,3,3
65,351,66,353,3,3,3
65,351,67,353,3,3,3
65,351,71,351,3,3,3
65,403,94,408,162,162,162
65,403,94,412,162,162,162
65,403,58,434,162,162,162
65,525,76,533,115,115,115
65,525,46,513,115,115,115
65,525,90,534,115,115,115
66,353,67,353,3,3,3
66,353,65,351,3,3,3
66,353,71,351,3,3,3
67,328,61,327,3,3,3
67,328,65,337,3,3,3
67,328,77,326,3,3,3
67,353,66,353,3,3,3
67,353,65,351,3,3,3
67,353,71,351,3,3,3
69,370,73,371,24,24,24
69,370,77,367,24,24,24
69,370,64,362,24,24,24
70,294,84,309,9,9,9
70,294,85,310,9,9,9
70,294,77,318,9,9,9
70,341,71,341,3,3,3
70,341,65,337,3,3,3
70,341,77,341,3,3,3
71,341,70,341,3,3,3
71,341,77,341,3,3,3
71,341,65,337,3,3,3
71,351,67,353,3,3,3
71,351,66,353,3,3,3
71,351,65,351,3,3,3
71,493,85,486,127,127,127
71,493,46,513,127,127,127
71,493,65,525,127,127,127
73,371,69,370,12,12,12
73,371,77,367,12,12,12
73,371,83,373,12,12,12
76,533,65,525,108,108,108
76,533,90,534,108,108,108
76,533,46,513,108,108,108
77,318,80,320,3,3,3
77,318,77,326,3,3,3
77,318,86,324,3,3,3
77,326,80,330,3,3,3
77,326,80,320,3,3,3
77,326,77,318,3,3,3
77,334,80,330,3,3,3
77,334,77,341,3,3,3
77,334,77,326,3,3,3
77,341,71,341,3,3,3
77,341,70,341,3,3,3
77,341,77,334,3,3,3
77,349,71,351,3,3,3
77,349,77,341,3,3,3
77,349,71,341,3,3,3
77,367,73,371,7,7,7
77,367,83,373,7,7,7
77,367,69,370,7,7,7
80,320,77,318,3,3,3
80,320,77,326,3,3,3
80,320,86,324,3,3,3
80,330,77,326,3,3,3
80,330,77,334,3,3,3
80,330,86,324,3,3,3
83,373,85,371,6,6,6
83,373,91,371,6,6,6
83,373,77,367,6,6,6
84,309,85,310,5,5,5
84,309,93,308,5,5,5
84,309,90,317,5,5,5
85,310,84,309,5,5,5
85,310,93,308,5,5,5
85,310,90,317,5,5,5
85,371,83,373,5,5,5
85,371,91,371,5,5,5
85,371,89,364,5,5,5
85,486,71,493,127,127,127
85,486,97,472,127,127,127
85,486,95,464,127,127,127
86,324,80,320,3,3,3
86,324,91,330,3,3,3
86,324,90,317,3,3,3
86,354,86,356,4,4,4
86,354,88,361,4,4,4
86,354,91,348,4,4,4
86,356,86,354,4,4,4
86,356,88,361,4,4,4
86,356,91,361,4,4,4
88,361,91,361,4,4,4
88,361,89,364,4,4,4
88,361,86,356,4,4,4
89,345,91,348,3,3,3
89,345,86,354,3,3,3
89,345,98,351,3,3,3
89,364,88,361,4,4,4
89,364,91,361,4,4,4
89,364,91,371,4,4,4
90,317,86,324,3,3,3
90,317,85,310,3,3,3
90,317,93,308,3,3,3
90,534,76,533,106,106,106
90,534,65,525,106,106,106
90,534,125,535,106,106,106
91,330,86,324,3,3,3
91,330,99,326,3,3,3
91,330,101,333,3,3,3
91,348,89,345,3,3,3
91,348,98,351,3,3,3
91,348,86,354,3,3,3
91,361,88,361,4,4,4
91,361,89,364,4,4,4
91,361,86,356,4,4,4
91,371,95,371,5,5,5
91,371,85,371,5,5,5
91,371,89,364,5,5,5
93,308,85,310,6,6,6
93,308,84,309,6,6,6
93,308,90,317,6,6,6
93,381,94,387,5,5,5
93,381,96,387,5,5,5
93,381,101,375,5,5,5
94,387,96,387,13,13,13
94,387,93,381,13,13,13
94,387,103,386,13,13,13
94,408,94,412,5,5,5
94,408,101,405,5,5,5
94,408,95,416,5,5,5
94,412,94,408,9,9,9
94,412,95,416,9,9,9
94,412,101,405,9,9,9
95,371,91,371,5,5,5
95,371,101,375,5,5,5
95,371,103,371,5,5,5
95,416,94,412,5,5,5
95,416,94,408,5,5,5
95,416,106,415,5,5,5
95,464,97,472,130,130,130
95,464,104,453,130,130,130
95,464,108,457,130,130,130
96,387,94,387,9,9,9
96,387,93,381,9,9,9
96,387,103,386,9,9,9
97,472,95,464,126,126,126
97,472,111,465,126,126,126
97,472,85,486,126,126,126
98,351,103,351,3,3,3
98,351,104,350,3,3,3
98,351,91,348,3,3,3
99,326,106,326,3,3,3
99,326,101,333,3,3,3
99,326,91,330,3,3,3
100,441,107,441,23,23,23
100,441,107,435,23,23,23
100,441,104,453,23,23,23
101,333,107,331,3,3,3
101,333,99,326,3,3,3
101,333,106,326,3,3,3
101,375,103,371,6,6,6
101,375,95,371,6,6,6
101,375,107,368,6,6,6
101,405,94,408,13,13,13
101,405,94,412,13,13,13
101,405,108,413,13,13,13
102,362,102,365,4,4,4
102,362,107,368,4,4,4
102,362,103,371,4,4,4
102,365,102,362,4,4,4
102,365,107,368,4,4,4
102,365,103,371,4,4,4
103,291,106,300,7,7,7
103,291,108,306,7,7,7
103,291,119,295,7,7,7
103,311,107,309,4,4,4
103,311,108,306,4,4,4
103,311,93,308,4,4,4
103,351,104,350,3,3,3
103,351,98,351,3,3,3
103,351,102,362,3,3,3
103,371,101,375,5,5,5
103,371,107,368,5,5,5
103,371,102,365,5,5,5
103,386,96,387,5,5,5
103,386,104,393,5,5,5
103,386,106,393,5,5,5
104,350,103,351,3,3,3
104,350,98,351,3,3,3
104,350,102,362,3,3,3
104,393,106,393,8,8,8
104,393,103,386,8,8,8
104,393,96,387,8,8,8
104,453,108,457,11,11,11
104,453,111,455,11,11,11
104,453,107,441,11,11,11
106,300,108,306,5,5,5
106,300,107,309,5,5,5
106,300,103,291,5,5,5
106,326,109,329,3,3,3
106,326,107,331,3,3,3
106,326,99,326,3,3,3
106,393,104,393,7,7,7
106,393,103,386,7,7,7
106,393,114,388,7,7,7
106,415,108,413,14,14,14
106,415,106,419,14,14,14
106,415,108,420,14,14,14
106,419,108,420,11,11,11
106,419,106,415,11,11,11
106,419,108,413,11,11,11
107,309,108,306,7,7,7
107,309,103,311,7,7,7
107,309,106,300,7,7,7
107,331,109,329,3,3,3
107,331,106,326,3,3,3
107,331,112,333,3,3,3
107,368,103,371,5,5,5
107,368,102,365,5,5,5
107,368,102,362,5,5,5
107,435,107,441,7,7,7
107,435,114,438,7,7,7
107,435,100,441,7,7,7
107,441,107,435,7,7,7
107,441,100,441,7,7,7
107,441,114,438,7,7,7
108,306,107,309,5,5,5
108,306,106,300,5,5,5
108,306,103,311,5,5,5
108,413,106,415,10,10,10
108,413,113,414,10,10,10
108,413,106,419,10,10,10
108,420,106,419,8,8,8
108,420,106,415,8,8,8
108,420,108,413,8,8,8
108,457,111,455,8,8,8
108,457,104,453,8,8,8
108,457,111,465,8,8,8
109,329,107,331,3,3,3
109,329,106,326,3,3,3
109,329,112,333,3,3,3
111,339,112,333,3,3,3
111,339,107,331,3,3,3
111,339,116,331,3,3,3
111,376,114,378,6,6,6
111,376,107,368,6,6,6
111,376,103,371,6,6,6
111,455,108,457,29,29,29
111,455,104,453,29,29,29
111,455,111,465,29,29,29
111,465,108,457,22,22,22
111,465,111,455,22,22,22
111,465,124,467,22,22,22
111,488,128,494,120,120,120
111,488,130,486,120,120,120
111,488,97,472,120,120,120
112,333,116,331,3,3,3
112,333,109,329,3,3,3
112,333,107,331,3,3,3
113,414,108,413,6,6,6
113,414,118,412,6,6,6
113,414,106,415,6,6,6
114,378,111,376,6,6,6
114,378,119,381,6,6,6
114,378,123,378,6,6,6
114,388,119,381,6,6,6
114,388,106,393,6,6,6
114,388,114,378,6,6,6
114,438,107,435,6,6,6
114,438,107,441,6,6,6
114,438,122,433,6,6,6
116,319,120,318,6,6,6
116,319,119,328,6,6,6
116,319,116,331,6,6,6
116,331,119,328,4,4,4
116,331,112,333,4,4,4
116,331,109,329,4,4,4
116,362,120,357,4,4,4
116,362,120,368,4,4,4
116,362,125,360,4,4,4
117,403,117,406,6,6,6
117,403,118,412,6,6,6
117,403,113,414,6,6,6
117,406,117,403,6,6,6
117,406,118,412,6,6,6
117,406,113,414,6,6,6
118,412,113,414,8,8,8
118,412,117,406,8,8,8
118,412,117,403,8,8,8
119,295,124,290,5,5,5
119,295,128,294,5,5,5
119,295,123,304,5,5,5
119,328,116,331,4,4,4
119,328,112,333,4,4,4
119,328,116,319,4,4,4
119,381,123,378,7,7,7
119,381,114,378,7,7,7
119,381,114,388,7,7,7
119,447,125,446,5,5,5
119,447,122,453,5,5,5
119,447,127,444,5,5,5
120,318,116,319,7,7,7
120,318,119,328,7,7,7
120,318,132,318,7,7,7
120,357,125,356,3,3,3
120,357,125,360,3,3,3
120,357,116,362,3,3,3
120,368,121,371,6,6,6
120,368,116,362,6,6,6
120,368,125,360,6,6,6
121,371,120,368,12,12,12
121,371,123,378,12,12,12
121,371,114,378,12,12,12
122,433,114,438,18,18,18
122,433,127,444,18,18,18
122,433,125,446,18,18,18
122,453,124,454,6,6,6
122,453,119,447,6,6,6
122,453,125,446,6,6,6
123,304,125,304,6,6,6
123,304,128,302,6,6,6
123,304,131,302,6,6,6
123,378,119,381,54,54,54
123,378,121,371,54,54,54
123,378,130,380,54,54,54
124,290,128,294,5,5,5
124,290,119,295,5,5,5
124,290,129,296,5,5,5
124,454,122,453,13,13,13
124,454,125,446,13,13,13
124,454,119,447,13,13,13
124,467,124,454,23,23,23
124,467,111,465,23,23,23
124,467,122,453,23,23,23
125,304,123,304,6,6,6
125,304,128,302,6,6,6
125,304,131,302,6,6,6
125,356,125,360,8,8,8
125,356,120,357,8,8,8
125,356,116,362,8,8,8
125,360,125,356,16,16,16
125,360,120,357,16,16,16
125,360,116,362,16,16,16
125,446,127,444,35,35,35
125,446,119,447,35,35,35
125,446,122,453,35,35,35
125,535,129,525,114,114,114
125,535,133,522,114,114,114
125,535,153,526,114,114,114
127,444,125,446,51,51,51
127,444,119,447,51,51,51
127,444,122,453,51,51,51
128,280,132,283,0,0,0
128,280,137,282,0,0,0
128,280,124,290,0,0,0
128,294,129,296,4,4,4
128,294,133,296,4,4,4
128,294,124,290,4,4,4
128,302,131,302,5,5,5
128,302,125,304,5,5,5
128,302,123,304,5,5,5
128,494,135,496,23,23,23
128,494,130,486,23,23,23
128,494,140,503,23,23,23
129,296,128,294,5,5,5
129,296,133,296,5,5,5
129,296,128,302,5,5,5
129,525,133,522,113,113,113
129,525,125,535,113,113,113
129,525,138,507,113,113,113
130,380,123,378,91,91,91
130,380,119,381,91,91,91
130,380,121,371,91,91,91
130,486,128,494,15,15,15
130,486,135,496,15,15,15
130,486,111,488,15,15,15
131,302,128,302,5,5,5
131,302,134,303,5,5,5
131,302,134,304,5,5,5
131,338,136,333,6,6,6
131,338,119,328,6,6,6
131,338,116,331,6,6,6
132,283,128,280,11,11,11
132,283,137,282,11,11,11
132,283,124,290,11,11,11
132,309,134,304,5,5,5
132,309,134,303,5,5,5
132,309,131,302,5,5,5
132,318,137,322,7,7,7
132,318,132,309,7,7,7
132,318,120,318,7,7,7
133,296,129,296,5,5,5
133,296,128,294,5,5,5
133,296,131,302,5,5,5
133,522,129,525,51,51,51
133,522,125,535,51,51,51
133,522,145,512,51,51,51
134,303,134,304,5,5,5
134,303,131,302,5,5,5
134,303,128,302,5,5,5
134,304,134,303,5,5,5
134,304,131,302,5,5,5
134,304,132,309,5,5,5
135,496,128,494,13,13,13
135,496,140,503,13,13,13
135,496,130,486,13,13,13
136,333,131,338,4,4,4
136,333,137,322,4,4,4
136,333,146,325,4,4,4
137,282,132,283,11,11,11
137,282,128,280,11,11,11
137,282,147,280,11,11,11
137,322,132,318,8,8,8
137,322,146,325,8,8,8
137,322,136,333,8,8,8
138,507,140,503,25,25,25
138,507,145,512,25,25,25
138,507,146,511,25,25,25
139,367,148,358,108,108,108
139,367,125,360,108,108,108
139,367,130,380,108,108,108
140,503,138,507,17,17,17
140,503,135,496,17,17,17
140,503,146,511,17,17,17
142,311,148,303,6,6,6
142,311,132,309,6,6,6
142,311,134,304,6,6,6
145,512,146,511,11,11,11
145,512,150,516,11,11,11
145,512,138,507,11,11,11
146,290,147,280,6,6,6
146,290,155,295,6,6,6
146,290,154,297,6,6,6
146,325,137,322,39,39,39
146,325,136,333,39,39,39
146,325,142,311,39,39,39
146,511,145,512,14,14,14
146,511,150,516,14,14,14
146,511,138,507,14,14,14
147,280,150,278,12,12,12
147,280,153,280,12,12,12
147,280,146,290,12,12,12
148,303,153,299,6,6,6
148,303,155,302,6,6,6
148,303,154,297,6,6,6
148,358,139,367,117,117,117
148,358,125,356,117,117,117
148,358,125,360,117,117,117
150,278,147,280,10,10,10
150,278,153,280,10,10,10
150,278,146,290,10,10,10
150,516,145,512,32,32,32
150,516,146,511,32,32,32
150,516,153,526,32,32,32
153,280,150,278,13,13,13
153,280,147,280,13,13,13
153,280,146,290,13,13,13
153,299,154,297,4,4,4
153,299,155,302,4,4,4
153,299,155,295,4,4,4
153,526,155,528,30,30,30
153,526,156,528,30,30,30
153,526,159,531,30,30,30
154,297,153,299,5,5,5
154,297,155,295,5,5,5
154,297,155,302,5,5,5
155,295,154,297,6,6,6
155,295,153,299,6,6,6
155,295,155,302,6,6,6
155,302,153,299,5,5,5
155,302,154,297,5,5,5
155,302,155,295,5,5,5
155,311,155,302,5,5,5
155,311,148,303,5,5,5
155,311,162,303,5,5,5
155,528,156,528,31,31,31
155,528,153,526,31,31,31
155,528,159,531,31,31,31
155,534,159,531,18,18,18
155,534,155,528,18,18,18
155,534,156,528,18,18,18
156,506,146,511,121,121,121
156,506,150,516,121,121,121
156,506,145,512,121,121,121
156,528,155,528,25,25,25
156,528,153,526,25,25,25
156,528,159,531,25,25,25
158,551,166,555,32,32,32
158,551,163,543,32,32,32
158,551,170,559,32,32,32
159,424,190,434,158,158,158
159,424,127,444,158,158,158
159,424,196,432,158,158,158
159,531,156,528,25,25,25
159,531,155,528,25,25,25
159,531,155,534,25,25,25
162,302,162,303,5,5,5
162,302,168,301,5,5,5
162,302,155,302,5,5,5
162,303,162,302,6,6,6
162,303,168,301,6,6,6
162,303,155,302,6,6,6
163,519,156,528,116,116,116
163,519,155,528,116,116,116
163,519,153,526,116,116,116
163,543,158,551,15,15,15
163,543,155,534,15,15,15
163,543,166,555,15,15,15
165,291,166,291,8,8,8
165,291,165,293,8,8,8
165,291,170,295,8,8,8
165,293,165,291,7,7,7
165,293,166,291,7,7,7
165,293,170,295,7,7,7
166,291,165,291,8,8,8
166,291,165,293,8,8,8
166,291,170,295,8,8,8
166,555,170,559,38,38,38
166,555,158,551,38,38,38
166,555,163,543,38,38,38
168,301,162,302,4,4,4
168,301,162,303,4,4,4
168,301,170,295,4,4,4
169,275,179,272,14,14,14
169,275,173,285,14,14,14
169,275,166,291,14,14,14
170,295,165,293,6,6,6
170,295,166,291,6,6,6
170,295,168,301,6,6,6
170,488,156,506,129,129,129
170,488,200,498,129,129,129
170,488,163,519,129,129,129
170,559,166,555,53,53,53
170,559,158,551,53,53,53
170,559,185,567,53,53,53
173,285,166,291,7,7,7
173,285,165,291,7,7,7
173,285,170,295,7,7,7
175,533,176,523,116,116,116
175,533,163,543,116,116,116
175,533,159,531,116,116,116
176,523,175,533,118,118,118
176,523,163,519,118,118,118
176,523,159,531,118,118,118
178,576,183,571,70,70,70
178,576,186,583,70,70,70
178,576,185,567,70,70,70
179,272,187,270,26,26,26
179,272,169,275,26,26,26
179,272,173,285,26,26,26
182,293,173,285,6,6,6
182,293,170,295,6,6,6
182,293,191,281,6,6,6
183,571,185,567,16,16,16
183,571,178,576,16,16,16
183,571,190,577,16,16,16
185,567,183,571,104,104,104
185,567,190,577,104,104,104
185,567,178,576,104,104,104
186,583,190,577,90,90,90
186,583,178,576,90,90,90
186,583,183,571,90,90,90
187,270,179,272,5,5,5
187,270,191,281,5,5,5
187,270,194,282,5,5,5
190,434,196,432,127,127,127
190,434,212,430,127,127,127
190,434,201,458,127,127,127
190,577,186,583,22,22,22
190,577,183,571,22,22,22
190,577,185,567,22,22,22
191,281,194,282,5,5,5
191,281,197,291,5,5,5
191,281,187,270,5,5,5
194,282,191,281,4,4,4
194,282,197,291,4,4,4
194,282,200,290,4,4,4
196,432,190,434,114,114,114
196,432,212,430,114,114,114
196,432,216,446,114,114,114
197,291,200,290,8,8,8
197,291,194,282,8,8,8
197,291,191,281,8,8,8
198,374,203,378,171,171,171
198,374,208,389,171,171,171
198,374,219,406,171,171,171
199,475,201,458,123,123,123
199,475,220,471,123,123,123
199,475,218,465,123,123,123
200,290,197,291,3,3,3
200,290,208,287,3,3,3
200,290,208,286,3,3,3
200,498,204,509,125,125,125
200,498,199,475,125,125,125
200,498,170,488,125,125,125
201,458,199,475,111,111,111
201,458,218,465,111,111,111
201,458,216,446,111,111,111
203,378,198,374,154,154,154
203,378,208,389,154,154,154
203,378,219,406,154,154,154
204,509,200,498,123,123,123
204,509,230,508,123,123,123
204,509,232,502,123,123,123
205,277,207,280,4,4,4
205,277,205,281,4,4,4
205,277,213,278,4,4,4
205,281,207,280,5,5,5
205,281,205,277,5,5,5
205,281,208,286,5,5,5
207,280,205,281,5,5,5
207,280,205,277,5,5,5
207,280,208,286,5,5,5
208,286,208,287,7,7,7
208,286,211,288,7,7,7
208,286,205,281,7,7,7
208,287,208,286,4,4,4
208,287,211,288,4,4,4
208,287,205,281,4,4,4
208,389,203,378,139,139,139
208,389,198,374,139,139,139
208,389,219,406,139,139,139
211,288,208,287,15,15,15
211,288,208,286,15,15,15
211,288,207,280,15,15,15
211,581,190,577,78,78,78
211,581,186,583,78,78,78
211,581,185,567,78,78,78
212,430,220,424,62,62,62
212,430,221,437,62,62,62
212,430,196,432,62,62,62
213,278,207,280,5,5,5
213,278,205,277,5,5,5
213,278,205,281,5,5,5
214,269,218,270,10,10,10
214,269,220,272,10,10,10
214,269,213,278,10,10,10
216,446,221,437,57,57,57
216,446,212,430,57,57,57
216,446,234,452,57,57,57
218,270,220,272,14,14,14
218,270,214,269,14,14,14
218,270,225,267,14,14,14
218,465,220,471,75,75,75
218,465,234,456,75,75,75
218,465,201,458,75,75,75
219,406,224,413,95,95,95
219,406,220,424,95,95,95
219,406,208,389,95,95,95
220,272,218,270,6,6,6
220,272,214,269,6,6,6
220,272,225,267,6,6,6
220,424,212,430,59,59,59
220,424,230,428,59,59,59
220,424,224,413,59,59,59
220,471,218,465,77,77,77
220,471,232,482,77,77,77
220,471,229,485,77,77,77
221,437,216,446,47,47,47
221,437,212,430,47,47,47
221,437,230,428,47,47,47
224,413,219,406,86,86,86
224,413,220,424,86,86,86
224,413,232,424,86,86,86
225,267,230,270,13,13,13
225,267,220,272,13,13,13
225,267,218,270,13,13,13
226,284,229,283,13,13,13
226,284,227,279,13,13,13
226,284,235,275,13,13,13
227,279,229,283,10,10,10
227,279,226,284,10,10,10
227,279,235,275,10,10,10
229,283,226,284,11,11,11
229,283,227,279,11,11,11
229,283,235,275,11,11,11
229,485,232,482,69,69,69
229,485,220,471,69,69,69
229,485,245,491,69,69,69
230,270,234,271,7,7,7
230,270,234,268,7,7,7
230,270,225,267,7,7,7
230,428,232,424,61,61,61
230,428,220,424,61,61,61
230,428,221,437,61,61,61
230,508,232,502,95,95,95
230,508,243,499,95,95,95
230,508,243,518,95,95,95
232,424,230,428,78,78,78
232,424,220,424,78,78,78
232,424,224,413,78,78,78
232,482,229,485,55,55,55
232,482,239,469,55,55,55
232,482,245,491,55,55,55
232,502,230,508,83,83,83
232,502,243,499,83,83,83
232,502,244,494,83,83,83
234,268,234,271,26,26,26
234,268,230,270,26,26,26
234,268,235,275,26,26,26
234,271,234,268,8,8,8
234,271,230,270,8,8,8
234,271,235,275,8,8,8
234,452,234,456,38,38,38
234,452,243,453,38,38,38
234,452,240,459,38,38,38
234,456,234,452,36,36,36
234,456,240,459,36,36,36
234,456,243,453,36,36,36
235,275,234,271,9,9,9
235,275,230,270,9,9,9
235,275,234,268,9,9,9
236,440,240,440,49,49,49
236,440,234,452,49,49,49
236,440,230,428,49,49,49
239,469,243,462,31,31,31
239,469,240,459,31,31,31
239,469,249,468,31,31,31
240,440,236,440,62,62,62
240,440,248,434,62,62,62
240,440,243,453,62,62,62
240,459,243,462,35,35,35
240,459,246,458,35,35,35
240,459,234,456,35,35,35
243,453,246,458,43,43,43
243,453,240,459,43,43,43
243,453,243,462,43,43,43
243,462,240,459,34,34,34
243,462,246,458,34,34,34
243,462,239,469,34,34,34
243,499,244,494,47,47,47
243,499,245,491,47,47,47
243,499,253,501,47,47,47
243,518,257,522,77,77,77
243,518,230,508,77,77,77
243,518,259,509,77,77,77
244,494,245,491,38,38,38
244,494,243,499,38,38,38
244,494,253,493,38,38,38
245,491,244,494,32,32,32
245,491,243,499,32,32,32
245,491,253,493,32,32,32
246,265,251,269,26,26,26
246,265,234,268,26,26,26
246,265,234,271,26,26,26
246,458,243,462,39,39,39
246,458,243,453,39,39,39
246,458,240,459,39,39,39
248,434,240,440,102,102,102
248,434,254,442,102,102,102
248,434,236,440,102,102,102
249,414,232,424,150,150,150
249,414,248,434,150,150,150
249,414,230,428,150,150,150
249,468,243,462,31,31,31
249,468,239,469,31,31,31
249,468,246,458,31,31,31
251,269,246,265,8,8,8
251,269,254,278,8,8,8
251,269,264,278,8,8,8
253,493,253,501,23,23,23
253,493,261,494,23,23,23
253,493,245,491,23,23,23
253,501,259,499,26,26,26
253,501,260,499,26,26,26
253,501,260,504,26,26,26
254,278,251,269,6,6,6
254,278,264,278,6,6,6
254,278,246,265,6,6,6
254,442,259,448,99,99,99
254,442,248,434,99,99,99
254,442,240,440,99,99,99
255,479,249,468,26,26,26
255,479,253,493,26,26,26
255,479,269,481,26,26,26
257,522,261,525,41,41,41
257,522,262,522,41,41,41
257,522,264,516,41,41,41
259,448,254,442,98,98,98
259,448,266,462,98,98,98
259,448,246,458,98,98,98
259,499,260,499,20,20,20
259,499,260,504,20,20,20
259,499,261,494,20,20,20
259,509,261,505,23,23,23
259,509,262,513,23,23,23
259,509,260,504,23,23,23
260,499,259,499,19,19,19
260,499,260,504,19,19,19
260,499,261,494,19,19,19
260,504,261,505,19,19,19
260,504,260,499,19,19,19
260,504,259,499,19,19,19
261,494,260,499,19,19,19
261,494,259,499,19,19,19
261,494,253,493,19,19,19
261,505,260,504,19,19,19
261,505,259,509,19,19,19
261,505,260,499,19,19,19
261,525,262,522,47,47,47
261,525,257,522,47,47,47
261,525,264,516,47,47,47
262,513,264,516,23,23,23
262,513,259,509,23,23,23
262,513,261,505,23,23,23
262,522,261,525,35,35,35
262,522,257,522,35,35,35
262,522,264,516,35,35,35
264,278,254,278,9,9,9
264,278,274,274,9,9,9
264,278,276,276,9,9,9
264,516,262,513,26,26,26
264,516,262,522,26,26,26
264,516,259,509,26,26,26
266,462,259,448,79,79,79
266,462,249,468,79,79,79
266,462,269,481,79,79,79
269,481,277,479,43,43,43
269,481,280,481,43,43,43
269,481,255,479,43,43,43
271,498,281,499,23,23,23
271,498,261,494,23,23,23
271,498,260,499,23,23,23
273,264,275,263,23,23,23
273,264,274,274,23,23,23
273,264,276,274,23,23,23
274,274,276,274,26,26,26
274,274,276,276,26,26,26
274,274,278,278,26,26,26
275,263,273,264,24,24,24
275,263,283,259,24,24,24
275,263,274,274,24,24,24
275,429,254,442,153,153,153
275,429,259,448,153,153,153
275,429,286,453,153,153,153
276,274,274,274,22,22,22
276,274,276,276,22,22,22
276,274,278,278,22,22,22
276,276,276,274,9,9,9
276,276,274,274,9,9,9
276,276,278,278,9,9,9
277,479,280,481,64,64,64
277,479,269,481,64,64,64
277,479,271,498,64,64,64
278,278,276,276,17,17,17
278,278,276,274,17,17,17
278,278,274,274,17,17,17
280,481,277,479,68,68,68
280,481,269,481,68,68,68
280,481,281,499,68,68,68
281,499,271,498,42,42,42
281,499,281,513,42,42,42
281,499,288,514,42,42,42
281,513,288,514,36,36,36
281,513,286,520,36,36,36
281,513,281,499,36,36,36
283,259,287,260,0,0,0
283,259,286,264,0,0,0
283,259,275,263,0,0,0
286,264,287,260,14,14,14
286,264,283,259,14,14,14
286,264,286,274,14,14,14
286,274,278,278,18,18,18
286,274,276,274,18,18,18
286,274,286,264,18,18,18
286,453,266,462,139,139,139
286,453,275,429,139,139,139
286,453,259,448,139,139,139
286,520,288,514,72,72,72
286,520,281,513,72,72,72
286,520,281,499,72,72,72
287,260,283,259,28,28,28
287,260,286,264,28,28,28
287,260,298,261,28,28,28
288,514,286,520,67,67,67
288,514,281,513,67,67,67
288,514,281,499,67,67,67
298,261,305,269,25,25,25
298,261,306,268,25,25,25
298,261,287,260,25,25,25
299,275,305,269,10,10,10
299,275,306,268,10,10,10
299,275,309,276,10,10,10
305,269,306,268,8,8,8
305,269,309,276,8,8,8
305,269,299,275,8,8,8
306,268,305,269,8,8,8
306,268,309,276,8,8,8
306,268,314,264,8,8,8
308,509,288,514,148,148,148
308,509,313,488,148,148,148
308,509,286,520,148,148,148
309,276,315,277,8,8,8
309,276,305,269,8,8,8
309,276,306,268,8,8,8
309,409,275,429,153,153,153
309,409,342,383,153,153,153
309,409,350,398,153,153,153
313,262,314,264,27,27,27
313,262,316,268,27,27,27
313,262,306,268,27,27,27
313,488,326,481,135,135,135
313,488,308,509,135,135,135
313,488,335,479,135,135,135
314,264,313,262,10,10,10
314,264,316,268,10,10,10
314,264,306,268,10,10,10
315,277,309,276,18,18,18
315,277,316,268,18,18,18
315,277,306,268,18,18,18
316,268,314,264,7,7,7
316,268,313,262,7,7,7
316,268,315,277,7,7,7
326,266,335,270,6,6,6
326,266,316,268,6,6,6
326,266,337,268,6,6,6
326,481,335,479,137,137,137
326,481,313,488,137,137,137
326,481,308,509,137,137,137
327,353,342,383,165,165,165
327,353,361,372,165,165,165
327,353,365,341,165,165,165
335,270,337,268,9,9,9
335,270,340,272,9,9,9
335,270,326,266,9,9,9
335,479,326,481,141,141,141
335,479,313,488,141,141,141
335,479,308,509,141,141,141
337,268,335,270,7,7,7
337,268,340,272,7,7,7
337,268,340,259,7,7,7
340,259,348,259,0,0,0
340,259,337,268,0,0,0
340,259,350,262,0,0,0
340,272,337,268,10,10,10
340,272,335,270,10,10,10
340,272,347,268,10,10,10
342,383,350,398,150,150,150
342,383,361,372,150,150,150
342,383,327,353,150,150,150
347,268,349,266,8,8,8
347,268,349,270,8,8,8
347,268,350,262,8,8,8
348,259,350,262,0,0,0
348,259,349,266,0,0,0
348,259,340,259,0,0,0
349,266,347,268,8,8,8
349,266,349,270,8,8,8
349,266,350,262,8,8,8
349,270,347,268,6,6,6
349,270,349,266,6,6,6
349,270,350,262,6,6,6
349,280,350,278,0,0,0
349,280,349,270,0,0,0
349,280,340,272,0,0,0
350,262,348,259,26,26,26
350,262,349,266,26,26,26
350,262,347,268,26,26,26
350,278,349,280,7,7,7
350,278,349,270,7,7,7
350,278,347,268,7,7,7
350,398,342,383,147,147,147
350,398,361,372,147,147,147
350,398,370,421,147,147,147
358,266,350,262,10,10,10
358,266,349,266,10,10,10
358,266,349,270,10,10,10
361,372,342,383,150,150,150
361,372,350,398,150,150,150
361,372,365,341,150,150,150
365,341,389,330,161,161,161
365,341,361,372,161,161,161
365,341,393,320,161,161,161
366,281,367,272,10,10,10
366,281,376,277,10,10,10
366,281,350,278,10,10,10
367,272,366,281,7,7,7
367,272,376,277,7,7,7
367,272,358,266,7,7,7
370,421,382,421,142,142,142
370,421,397,419,142,142,142
370,421,350,398,142,142,142
376,277,386,276,14,14,14
376,277,367,272,14,14,14
376,277,366,281,14,14,14
379,262,376,277,58,58,58
379,262,367,272,58,58,58
379,262,386,276,58,58,58
382,421,370,421,140,140,140
382,421,397,419,140,140,140
382,421,350,398,140,140,140
385,283,386,276,20,20,20
385,283,376,277,20,20,20
385,283,397,280,20,20,20
386,276,385,283,8,8,8
386,276,396,276,8,8,8
386,276,376,277,8,8,8
389,330,393,320,161,161,161
389,330,395,315,161,161,161
389,330,408,335,161,161,161
393,320,395,315,168,168,168
393,320,389,330,168,168,168
393,320,404,316,168,168,168
395,315,393,320,167,167,167
395,315,404,316,167,167,167
395,315,389,330,167,167,167
396,268,396,276,18,18,18
396,268,397,280,18,18,18
396,268,386,276,18,18,18
396,276,397,280,7,7,7
396,276,396,268,7,7,7
396,276,386,276,7,7,7
397,280,396,276,8,8,8
397,280,386,276,8,8,8
397,280,396,268,8,8,8
397,419,382,421,138,138,138
397,419,370,421,138,138,138
397,419,414,394,138,138,138
404,316,395,315,164,164,164
404,316,393,320,164,164,164
404,316,408,335,164,164,164
404,381,414,394,145,145,145
404,381,397,419,145,145,145
404,381,446,383,145,145,145
408,335,404,316,157,157,157
408,335,389,330,157,157,157
408,335,393,320,157,157,157
409,287,416,290,10,10,10
409,287,410,277,10,10,10
409,287,419,283,10,10,10
409,610,414,607,86,86,86
409,610,415,608,86,86,86
409,610,425,597,86,86,86
410,277,412,272,5,5,5
410,277,409,287,5,5,5
410,277,419,283,5,5,5
412,272,410,277,14,14,14
412,272,419,283,14,14,14
412,272,422,281,14,14,14
414,394,404,381,139,139,139
414,394,397,419,139,139,139
414,394,446,383,139,139,139
414,607,415,608,39,39,39
414,607,409,610,39,39,39
414,607,425,597,39,39,39
415,608,414,607,85,85,85
415,608,409,610,85,85,85
415,608,425,597,85,85,85
416,290,409,287,2,2,2
416,290,419,283,2,2,2
416,290,425,286,2,2,2
419,283,422,281,7,7,7
419,283,424,284,7,7,7
419,283,424,279,7,7,7
422,281,424,279,5,5,5
422,281,419,283,5,5,5
422,281,424,284,5,5,5
424,279,422,281,6,6,6
424,279,424,284,6,6,6
424,279,419,283,6,6,6
424,284,425,286,7,7,7
424,284,422,281,7,7,7
424,284,424,279,7,7,7
425,286,424,284,8,8,8
425,286,429,290,8,8,8
425,286,422,281,8,8,8
425,597,428,600,48,48,48
425,597,414,607,48,48,48
425,597,415,608,48,48,48
428,600,425,597,18,18,18
428,600,415,608,18,18,18
428,600,414,607,18,18,18
429,290,425,286,6,6,6
429,290,424,284,6,6,6
429,290,436,284,6,6,6
436,284,443,279,5,5,5
436,284,445,285,5,5,5
436,284,429,290,5,5,5
443,279,446,284,26,26,26
443,279,445,285,26,26,26
443,279,436,284,26,26,26
445,285,446,284,10,10,10
445,285,443,279,10,10,10
445,285,436,284,10,10,10
445,299,451,298,26,26,26
445,299,445,285,26,26,26
445,299,446,284,26,26,26
445,587,456,580,24,24,24
445,587,458,575,24,24,24
445,587,461,573,24,24,24
446,284,445,285,13,13,13
446,284,443,279,13,13,13
446,284,454,282,13,13,13
446,383,468,402,142,142,142
446,383,449,354,142,142,142
446,383,414,394,142,142,142
449,354,459,350,151,151,151
449,354,446,383,151,151,151
449,354,408,335,151,151,151
451,298,445,299,9,9,9
451,298,461,302,9,9,9
451,298,445,285,9,9,9
454,282,446,284,1,1,1
454,282,445,285,1,1,1
454,282,443,279,1,1,1
456,580,458,575,58,58,58
456,580,461,573,58,58,58
456,580,445,587,58,58,58
458,575,461,573,44,44,44
458,575,456,580,44,44,44
458,575,445,587,44,44,44
459,350,449,354,154,154,154
459,350,446,383,154,154,154
459,350,475,314,154,154,154
461,302,468,305,8,8,8
461,302,469,300,8,8,8
461,302,471,299,8,8,8
461,573,458,575,61,61,61
461,573,456,580,61,61,61
461,573,445,587,61,61,61
468,305,469,300,6,6,6
468,305,471,299,6,6,6
468,305,461,302,6,6,6
468,402,446,383,160,160,160
468,402,449,354,160,160,160
468,402,516,372,160,160,160
469,300,471,299,10,10,10
469,300,468,305,10,10,10
469,300,476,304,10,10,10
471,299,469,300,7,7,7
471,299,468,305,7,7,7
471,299,476,304,7,7,7
475,314,481,317,4,4,4
475,314,476,304,4,4,4
475,314,485,310,4,4,4
476,304,471,299,10,10,10
476,304,468,305,10,10,10
476,304,469,300,10,10,10
481,317,475,314,9,9,9
481,317,488,320,9,9,9
481,317,485,310,9,9,9
481,540,488,527,19,19,19
481,540,489,526,19,19,19
481,540,498,536,19,19,19
485,302,485,306,29,29,29
485,302,485,310,29,29,29
485,302,476,304,29,29,29
485,306,485,302,7,7,7
485,306,485,310,7,7,7
485,306,488,311,7,7,7
485,310,488,311,8,8,8
485,310,485,306,8,8,8
485,310,485,302,8,8,8
488,311,485,310,7,7,7
488,311,485,306,7,7,7
488,311,492,316,7,7,7
488,320,492,316,5,5,5
488,320,481,317,5,5,5
488,320,488,311,5,5,5
488,527,489,526,15,15,15
488,527,494,516,15,15,15
488,527,498,536,15,15,15
489,526,488,527,28,28,28
489,526,494,516,28,28,28
489,526,498,536,28,28,28
492,316,488,320,9,9,9
492,316,488,311,9,9,9
492,316,501,316,9,9,9
494,516,489,526,8,8,8
494,516,488,527,8,8,8
494,516,508,520,8,8,8
498,536,506,531,0,0,0
498,536,488,527,0,0,0
498,536,489,526,0,0,0
500,323,503,319,9,9,9
500,323,501,316,9,9,9
500,323,492,316,9,9,9
501,316,503,319,9,9,9
501,316,500,323,9,9,9
501,316,492,316,9,9,9
503,306,510,313,3,3,3
503,306,501,316,3,3,3
503,306,503,319,3,3,3
503,319,501,316,8,8,8
503,319,500,323,8,8,8
503,319,510,313,8,8,8
505,339,511,334,4,4,4
505,339,512,329,4,4,4
505,339,517,331,4,4,4
506,531,498,536,61,61,61
506,531,508,520,61,61,61
506,531,510,515,61,61,61
508,520,510,515,0,0,0
508,520,509,512,0,0,0
508,520,506,531,0,0,0
509,496,512,497,14,14,14
509,496,514,500,14,14,14
509,496,517,493,14,14,14
509,512,510,515,6,6,6
509,512,514,510,6,6,6
509,512,511,505,6,6,6
510,313,518,315,30,30,30
510,313,503,319,30,30,30
510,313,501,316,30,30,30
510,515,509,512,6,6,6
510,515,508,520,6,6,6
510,515,514,510,6,6,6
511,325,512,329,7,7,7
511,325,517,328,7,7,7
511,325,517,331,7,7,7
511,334,512,329,6,6,6
511,334,517,331,6,6,6
511,334,505,339,6,6,6
511,505,514,500,4,4,4
511,505,514,510,4,4,4
511,505,509,512,4,4,4
512,329,511,325,7,7,7
512,329,511,334,7,7,7
512,329,517,328,7,7,7
512,497,509,496,5,5,5
512,497,514,500,5,5,5
512,497,517,493,5,5,5
514,500,512,497,5,5,5
514,500,511,505,5,5,5
514,500,509,496,5,5,5
514,510,509,512,6,6,6
514,510,511,505,6,6,6
514,510,510,515,6,6,6
515,353,516,362,4,4,4
515,353,523,347,4,4,4
515,353,525,351,4,4,4
516,362,516,367,5,5,5
516,362,524,361,5,5,5
516,362,515,353,5,5,5
516,367,516,362,9,9,9
516,367,516,372,9,9,9
516,367,525,363,9,9,9
516,372,516,367,1,1,1
516,372,516,362,1,1,1
516,372,525,363,1,1,1
516,472,525,476,20,20,20
516,472,526,478,20,20,20
516,472,517,484,20,20,20
517,328,517,331,7,7,7
517,328,512,329,7,7,7
517,328,511,325,7,7,7
517,331,517,328,7,7,7
517,331,512,329,7,7,7
517,331,511,334,7,7,7
517,456,519,458,16,16,16
517,456,524,456,16,16,16
517,456,527,453,16,16,16
517,484,517,493,9,9,9
517,484,525,489,9,9,9
517,484,526,487,9,9,9
517,493,522,494,6,6,6
517,493,512,497,6,6,6
517,493,514,500,6,6,6
518,315,510,313,46,46,46
518,315,524,324,46,46,46
518,315,511,325,46,46,46
519,435,520,433,0,0,0
519,435,525,433,0,0,0
519,435,530,439,0,0,0
519,458,517,456,13,13,13
519,458,524,456,13,13,13
519,458,528,456,13,13,13
520,433,519,435,6,6,6
520,433,525,433,6,6,6
520,433,522,423,6,6,6
521,415,525,415,9,9,9
521,415,523,419,9,9,9
521,415,525,417,9,9,9
522,422,522,423,6,6,6
522,422,523,419,6,6,6
522,422,525,417,6,6,6
522,423,522,422,6,6,6
522,423,523,419,6,6,6
522,423,525,417,6,6,6
522,494,522,499,7,7,7
522,494,517,493,7,7,7
522,494,525,489,7,7,7
522,499,522,494,17,17,17
522,499,517,493,17,17,17
522,499,514,500,17,17,17
523,342,523,347,5,5,5
523,342,530,343,5,5,5
523,342,525,351,5,5,5
523,347,525,351,5,5,5
523,347,523,342,5,5,5
523,347,530,343,5,5,5
523,419,525,417,6,6,6
523,419,522,422,6,6,6
523,419,522,423,6,6,6
524,324,517,328,13,13,13
524,324,517,331,13,13,13
524,324,518,315,13,13,13
524,361,525,363,6,6,6
524,361,528,364,6,6,6
524,361,516,362,6,6,6
524,385,536,382,6,6,6
524,385,516,372,6,6,6
524,385,532,398,6,6,6
524,401,524,407,7,7,7
524,401,527,409,7,7,7
524,401,532,398,7,7,7
524,407,527,409,6,6,6
524,407,524,401,6,6,6
524,407,525,415,6,6,6
524,456,528,456,7,7,7
524,456,527,453,7,7,7
524,456,519,458,7,7,7
525,351,523,347,5,5,5
525,351,523,342,5,5,5
525,351,530,343,5,5,5
525,363,524,361,7,7,7
525,363,528,364,7,7,7
525,363,516,362,7,7,7
525,415,525,417,6,6,6
525,415,521,415,6,6,6
525,415,523,419,6,6,6
525,417,525,415,6,6,6
525,417,523,419,6,6,6
525,417,521,415,6,6,6
525,433,520,433,7,7,7
525,433,519,435,7,7,7
525,433,530,439,7,7,7
525,476,526,478,9,9,9
525,476,533,473,9,9,9
525,476,516,472,9,9,9
525,489,526,487,6,6,6
525,489,522,494,6,6,6
525,489,517,493,6,6,6
526,478,525,476,8,8,8
526,478,533,473,8,8,8
526,478,526,487,8,8,8
526,487,525,489,13,13,13
526,487,522,494,13,13,13
526,487,526,478,13,13,13
527,409,524,407,9,9,9
527,409,525,415,9,9,9
527,409,525,417,9,9,9
527,453,528,456,8,8,8
527,453,524,456,8,8,8
527,453,531,448,8,8,8
528,364,525,363,6,6,6
528,364,524,361,6,6,6
528,364,538,368,6,6,6
528,456,527,453,9,9,9
528,456,524,456,9,9,9
528,456,531,459,9,9,9
530,343,532,344,5,5,5
530,343,523,342,5,5,5
530,343,523,347,5,5,5
530,439,534,441,8,8,8
530,439,525,433,8,8,8
530,439,531,448,8,8,8
531,448,527,453,5,5,5
531,448,534,441,5,5,5
531,448,528,456,5,5,5
531,459,528,456,10,10,10
531,459,537,462,10,10,10
531,459,531,466,10,10,10
531,466,531,459,10,10,10
531,466,537,462,10,10,10
531,466,533,473,10,10,10
532,344,530,343,5,5,5
532,344,538,345,5,5,5
532,344,523,342,5,5,5
532,398,524,401,15,15,15
532,398,540,394,15,15,15
532,398,524,407,15,15,15
532,423,538,427,10,10,10
532,423,525,417,10,10,10
532,423,523,419,10,10,10
533,333,537,326,7,7,7
533,333,536,324,7,7,7
533,333,530,343,7,7,7
533,473,531,466,2,2,2
533,473,525,476,2,2,2
533,473,526,478,2,2,2
534,441,530,439,5,5,5
534,441,531,448,5,5,5
534,441,545,438,5,5,5
536,324,537,326,15,15,15
536,324,533,333,15,15,15
536,324,545,321,15,15,15
536,382,541,382,8,8,8
536,382,543,383,8,8,8
536,382,543,390,8,8,8
537,326,536,324,9,9,9
537,326,533,333,9,9,9
537,326,545,328,9,9,9
537,462,531,459,0,0,0
537,462,531,466,0,0,0
537,462,528,456,0,0,0
538,345,538,351,5,5,5
538,345,532,344,5,5,5
538,345,530,343,5,5,5
538,351,538,345,5,5,5
538,351,547,352,5,5,5
538,351,532,344,5,5,5
538,368,540,367,6,6,6
538,368,540,370,6,6,6
538,368,543,363,6,6,6
538,427,543,432,8,8,8
538,427,532,423,8,8,8
538,427,546,427,8,8,8
540,367,538,368,7,7,7
540,367,540,370,7,7,7
540,367,543,363,7,7,7
540,370,538,368,7,7,7
540,370,540,367,7,7,7
540,370,543,363,7,7,7
540,394,543,390,11,11,11
540,394,532,398,11,11,11
540,394,543,383,11,11,11
541,382,543,383,8,8,8
541,382,536,382,8,8,8
541,382,543,390,8,8,8
541,418,538,427,14,14,14
541,418,550,422,14,14,14
541,418,532,423,14,14,14
543,363,544,361,6,6,6
543,363,540,367,6,6,6
543,363,548,365,6,6,6
543,383,541,382,11,11,11
543,383,543,390,11,11,11
543,383,536,382,11,11,11
543,390,540,394,16,16,16
543,390,543,383,16,16,16
543,390,541,382,16,16,16
543,432,546,427,5,5,5
543,432,545,438,5,5,5
543,432,538,427,5,5,5
544,361,543,363,3,3,3
544,361,548,365,3,3,3
544,361,540,367,3,3,3
545,321,549,321,20,20,20
545,321,545,328,20,20,20
545,321,552,324,20,20,20
545,328,550,332,8,8,8
545,328,545,321,8,8,8
545,328,550,333,8,8,8
545,438,543,432,1,1,1
545,438,546,427,1,1,1
545,438,534,441,1,1,1
546,427,543,432,6,6,6
546,427,550,422,6,6,6
546,427,538,427,6,6,6
547,352,550,348,5,5,5
547,352,555,350,5,5,5
547,352,538,351,5,5,5
548,365,543,363,13,13,13
548,365,544,361,13,13,13
548,365,540,367,13,13,13
549,321,545,321,11,11,11
549,321,552,324,11,11,11
549,321,545,328,11,11,11
549,408,551,406,13,13,13
549,408,553,409,13,13,13
549,408,551,400,13,13,13
550,332,550,333,8,8,8
550,332,551,332,8,8,8
550,332,553,330,8,8,8
550,333,550,332,8,8,8
550,333,551,332,8,8,8
550,333,553,330,8,8,8
550,348,547,352,5,5,5
550,348,555,350,5,5,5
550,348,556,351,5,5,5
550,422,546,427,53,53,53
550,422,541,418,53,53,53
550,422,543,432,53,53,53
551,332,550,332,8,8,8
551,332,550,333,8,8,8
551,332,553,330,8,8,8
551,400,551,406,5,5,5
551,400,549,408,5,5,5
551,400,553,409,5,5,5
551,406,549,408,9,9,9
551,406,553,409,9,9,9
551,406,551,400,9,9,9
552,324,549,321,10,10,10
552,324,553,330,10,10,10
552,324,545,321,10,10,10
553,330,551,332,9,9,9
553,330,550,332,9,9,9
553,330,550,333,9,9,9
553,409,551,406,49,49,49
553,409,549,408,49,49,49
553,409,551,400,49,49,49
555,350,556,351,7,7,7
555,350,550,348,7,7,7
555,350,562,352,7,7,7
556,351,555,350,7,7,7
556,351,562,352,7,7,7
556,351,550,348,7,7,7
560,340,563,340,9,9,9
560,340,563,344,9,9,9
560,340,564,331,9,9,9
561,318,562,315,10,10,10
561,318,568,317,10,10,10
561,318,552,324,10,10,10
562,315,561,318,20,20,20
562,315,568,317,20,20,20
562,315,572,317,20,20,20
562,352,562,355,8,8,8
562,352,566,350,8,8,8
562,352,567,354,8,8,8
562,355,562,352,5,5,5
562,355,567,354,5,5,5
562,355,566,350,5,5,5
563,340,560,340,18,18,18
563,340,563,344,18,18,18
563,340,564,331,18,18,18
563,344,563,340,43,43,43
563,344,560,340,43,43,43
563,344,566,350,43,43,43
564,331,569,331,10,10,10
564,331,563,340,10,10,10
564,331,560,340,10,10,10
565,363,562,355,174,174,174
565,363,567,354,174,174,174
565,363,562,352,174,174,174
566,350,567,354,4,4,4
566,350,562,352,4,4,4
566,350,562,355,4,4,4
567,354,566,350,1,1,1
567,354,562,355,1,1,1
567,354,562,352,1,1,1
568,317,572,317,8,8,8
568,317,562,315,8,8,8
568,317,574,315,8,8,8
569,331,564,331,10,10,10
569,331,577,335,10,10,10
569,331,563,340,10,10,10
572,317,574,315,8,8,8
572,317,568,317,8,8,8
572,317,576,316,8,8,8
574,315,576,316,14,14,14
574,315,572,317,14,14,14
574,315,568,317,14,14,14
574,348,580,349,5,5,5
574,348,566,350,5,5,5
574,348,582,351,5,5,5
576,316,574,315,9,9,9
576,316,572,317,9,9,9
576,316,581,313,9,9,9
577,335,569,331,12,12,12
577,335,586,339,12,12,12
577,335,574,348,12,12,12
580,322,576,316,9,9,9
580,322,586,318,9,9,9
580,322,584,314,9,9,9
580,349,582,351,6,6,6
580,349,574,348,6,6,6
580,349,587,350,6,6,6
581,313,584,314,24,24,24
581,313,576,316,24,24,24
581,313,586,318,24,24,24
582,351,580,349,55,55,55
582,351,587,350,55,55,55
582,351,574,348,55,55,55
584,314,581,313,19,19,19
584,314,586,318,19,19,19
584,314,589,313,19,19,19
586,318,584,314,8,8,8
586,318,589,313,8,8,8
586,318,581,313,8,8,8
586,339,577,335,25,25,25
586,339,596,341,25,25,25
586,339,587,350,25,25,25
587,350,582,351,49,49,49
587,350,580,349,49,49,49
587,350,586,339,49,49,49
589,313,584,314,26,26,26
589,313,586,318,26,26,26
589,313,595,312,26,26,26
593,322,595,318,9,9,9
593,322,586,318,9,9,9
593,322,589,313,9,9,9
595,312,595,318,28,28,28
595,312,589,313,28,28,28
595,312,593,322,28,28,28
595,318,593,322,8,8,8
595,318,595,312,8,8,8
595,318,589,313,8,8,8
596,341,599,344,28,28,28
596,341,598,332,28,28,28
596,341,586,339,28,28,28
598,332,596,341,10,10,10
598,332,593,322,10,10,10
598,332,599,344,10,10,10
599,344,596,341,6,6,6
599,344,598,332,6,6,6
599,344,587,350,6,6,6
604,317,605,320,9,9,9
604,317,605,309,9,9,9
604,317,595,318,9,9,9
605,309,604,317,0,0,0
605,309,595,312,0,0,0
605,309,605,320,0,0,0
605,320,604,317,11,11,11
605,320,595,318,11,11,11
605,320,605,309,11,11,11
614,327,605,320,14,14,14
614,327,622,336,14,14,14
614,327,626,320,14,14,14
615,343,617,346,5,5,5
615,343,619,345,5,5,5
615,343,620,347,5,5,5
617,346,619,345,8,8,8
617,346,620,347,8,8,8
617,346,615,343,8,8,8
619,345,617,346,4,4,4
619,345,620,347,4,4,4
619,345,615,343,4,4,4
620,347,619,345,17,17,17
620,347,617,346,17,17,17
620,347,615,343,17,17,17
622,336,629,334,12,12,12
622,336,628,330,12,12,12
622,336,619,345,12,12,12
623,312,626,320,23,23,23
623,312,631,316,23,23,23
623,312,637,312,23,23,23
626,320,631,316,13,13,13
626,320,623,312,13,13,13
626,320,628,330,13,13,13
628,330,629,334,12,12,12
628,330,635,332,12,12,12
628,330,622,336,12,12,12
629,334,628,330,11,11,11
629,334,635,332,11,11,11
629,334,636,335,11,11,11
631,316,626,320,13,13,13
631,316,637,312,13,13,13
631,316,636,323,13,13,13
632,342,635,345,21,21,21
632,342,636,339,21,21,21
632,342,636,335,21,21,21
635,332,636,335,12,12,12
635,332,629,334,12,12,12
635,332,636,339,12,12,12
635,345,632,342,4,4,4
635,345,636,339,4,4,4
635,345,641,348,4,4,4
636,323,642,323,14,14,14
636,323,640,316,14,14,14
636,323,644,325,14,14,14
636,335,635,332,11,11,11
636,335,636,339,11,11,11
636,335,629,334,11,11,11
636,339,636,335,9,9,9
636,339,632,342,9,9,9
636,339,635,345,9,9,9
637,312,640,316,18,18,18
637,312,642,313,18,18,18
637,312,631,316,18,18,18
640,316,642,313,12,12,12
640,316,637,312,12,12,12
640,316,642,323,12,12,12
641,348,635,345,4,4,4
641,348,636,339,4,4,4
641,348,632,342,4,4,4
642,313,640,316,30,30,30
642,313,637,312,30,30,30
642,313,642,323,30,30,30
642,323,644,325,15,15,15
642,323,636,323,15,15,15
642,323,640,316,15,15,15
644,325,642,323,17,17,17
644,325,650,320,17,17,17
644,325,636,323,17,17,17
646,338,648,338,10,10,10
646,338,653,341,10,10,10
646,338,636,339,10,10,10
648,338,646,338,8,8,8
648,338,653,341,8,8,8
648,338,655,346,8,8,8
650,320,644,325,14,14,14
650,320,642,323,14,14,14
650,320,659,323,14,14,14
653,341,655,346,7,7,7
653,341,648,338,7,7,7
653,341,658,346,7,7,7
655,346,657,348,11,11,11
655,346,658,346,11,11,11
655,346,653,341,11,11,11
655,355,657,348,0,0,0
655,355,662,352,0,0,0
655,355,655,346,0,0,0
657,348,658,346,7,7,7
657,348,655,346,7,7,7
657,348,662,352,7,7,7
658,346,657,348,12,12,12
658,346,655,346,12,12,12
658,346,653,341,12,12,12
659,323,665,318,16,16,16
659,323,650,320,16,16,16
659,323,664,314,16,16,16
662,334,664,335,10,10,10
662,334,664,338,10,10,10
662,334,667,342,10,10,10
662,352,657,348,9,9,9
662,352,658,346,9,9,9
662,352,655,355,9,9,9
664,314,665,318,36,36,36
664,314,659,323,36,36,36
664,314,674,325,36,36,36
664,335,662,334,10,10,10
664,335,664,338,10,10,10
664,335,667,342,10,10,10
664,338,664,335,9,9,9
664,338,662,334,9,9,9
664,338,667,342,9,9,9
665,318,664,314,16,16,16
665,318,659,323,16,16,16
665,318,674,325,16,16,16
667,342,670,345,8,8,8
667,342,664,338,8,8,8
667,342,664,335,8,8,8
670,345,667,342,8,8,8
670,345,676,343,8,8,8
670,345,664,338,8,8,8
671,415,673,414,1,1,1
671,415,676,412,1,1,1
671,415,678,414,1,1,1
673,414,671,415,8,8,8
673,414,676,412,8,8,8
673,414,678,414,8,8,8
674,325,681,323,15,15,15
674,325,665,318,15,15,15
674,325,683,317,15,15,15
675,425,678,421,19,19,19
675,425,681,433,19,19,19
675,425,671,415,19,19,19
676,343,670,345,8,8,8
676,343,667,342,8,8,8
676,343,664,338,8,8,8
676,412,678,414,8,8,8
676,412,673,414,8,8,8
676,412,671,415,8,8,8
677,363,678,371,9,9,9
677,363,683,371,9,9,9
677,363,690,362,9,9,9
678,371,683,371,20,20,20
678,371,677,363,20,20,20
678,371,689,378,20,20,20
678,414,676,412,8,8,8
678,414,673,414,8,8,8
678,414,681,409,8,8,8
678,421,675,425,7,7,7
678,421,678,414,7,7,7
678,421,673,414,7,7,7
679,390,681,400,11,11,11
679,390,694,392,11,11,11
679,390,689,378,11,11,11
680,446,681,433,8,8,8
680,446,687,457,8,8,8
680,446,693,438,8,8,8
681,323,686,326,31,31,31
681,323,683,317,31,31,31
681,323,674,325,31,31,31
681,400,681,407,14,14,14
681,400,681,409,14,14,14
681,400,679,390,14,14,14
681,407,681,409,10,10,10
681,407,684,411,10,10,10
681,407,681,400,10,10,10
681,409,681,407,9,9,9
681,409,684,411,9,9,9
681,409,676,412,9,9,9
681,433,687,426,5,5,5
681,433,675,425,5,5,5
681,433,690,427,5,5,5
683,317,681,323,50,50,50
683,317,686,326,50,50,50
683,317,674,325,50,50,50
683,371,678,371,13,13,13
683,371,689,378,13,13,13
683,371,677,363,13,13,13
684,411,681,409,9,9,9
684,411,681,407,9,9,9
684,411,678,414,9,9,9
686,326,681,323,14,14,14
686,326,683,317,14,14,14
686,326,697,329,14,14,14
687,426,690,427,9,9,9
687,426,691,428,9,9,9
687,426,681,433,9,9,9
687,457,696,458,3,3,3
687,457,680,446,3,3,3
687,457,701,469,3,3,3
688,354,692,353,7,7,7
688,354,690,361,7,7,7
688,354,695,356,7,7,7
689,344,691,344,7,7,7
689,344,693,339,7,7,7
689,344,692,353,7,7,7
689,378,693,372,18,18,18
689,378,694,384,18,18,18
689,378,683,371,18,18,18
690,361,690,362,6,6,6
690,361,692,363,6,6,6
690,361,695,356,6,6,6
690,362,690,361,6,6,6
690,362,692,363,6,6,6
690,362,695,356,6,6,6
690,427,691,428,9,9,9
690,427,687,426,9,9,9
690,427,695,435,9,9,9
691,344,689,344,7,7,7
691,344,693,339,7,7,7
691,344,692,353,7,7,7
691,428,690,427,8,8,8
691,428,687,426,8,8,8
691,428,695,435,8,8,8
691,477,701,469,60,60,60
691,477,699,488,60,60,60
691,477,703,484,60,60,60
692,353,688,354,8,8,8
692,353,695,356,8,8,8
692,353,690,361,8,8,8
692,363,690,362,6,6,6
692,363,690,361,6,6,6
692,363,695,356,6,6,6
693,339,691,344,6,6,6
693,339,689,344,6,6,6
693,339,697,329,6,6,6
693,372,697,373,14,14,14
693,372,689,378,14,14,14
693,372,701,375,14,14,14
693,438,695,435,5,5,5
693,438,700,434,5,5,5
693,438,701,442,5,5,5
694,384,698,384,31,31,31
694,384,699,380,31,31,31
694,384,701,387,31,31,31
694,392,694,384,20,20,20
694,392,701,387,20,20,20
694,392,698,384,20,20,20
695,356,692,353,6,6,6
695,356,690,361,6,6,6
695,356,688,354,6,6,6
695,435,693,438,5,5,5
695,435,700,434,5,5,5
695,435,700,431,5,5,5
696,458,687,457,5,5,5
696,458,701,469,5,5,5
696,458,701,442,5,5,5
697,329,706,325,9,9,9
697,329,693,339,9,9,9
697,329,686,326,9,9,9
697,373,693,372,14,14,14
697,373,701,375,14,14,14
697,373,701,367,14,14,14
698,384,694,384,7,7,7
698,384,699,380,7,7,7
698,384,701,387,7,7,7
699,380,701,379,6,6,6
699,380,698,384,6,6,6
699,380,701,375,6,6,6
699,488,700,492,0,0,0
699,488,704,490,0,0,0
699,488,703,484,0,0,0
700,431,700,434,8,8,8
700,431,695,435,8,8,8
700,431,691,428,8,8,8
700,434,700,431,4,4,4
700,434,695,435,4,4,4
700,434,693,438,4,4,4
700,492,699,488,9,9,9
700,492,704,490,9,9,9
700,492,703,484,9,9,9
701,367,704,368,7,7,7
701,367,706,372,7,7,7
701,367,697,373,7,7,7
701,375,701,379,4,4,4
701,375,697,373,4,4,4
701,375,699,380,4,4,4
701,379,699,380,6,6,6
701,379,701,375,6,6,6
701,379,698,384,6,6,6
701,387,698,384,2,2,2
701,387,699,380,2,2,2
701,387,694,384,2,2,2
701,442,700,434,6,6,6
701,442,693,438,6,6,6
701,442,695,435,6,6,6
701,469,711,468,8,8,8
701,469,696,458,8,8,8
701,469,691,477,8,8,8
702,396,694,392,19,19,19
702,396,701,387,19,19,19
702,396,698,384,19,19,19
703,484,699,488,6,6,6
703,484,704,490,6,6,6
703,484,700,492,6,6,6
704,320,706,325,50,50,50
704,320,709,323,50,50,50
704,320,697,329,50,50,50
704,368,701,367,4,4,4
704,368,706,372,4,4,4
704,368,701,375,4,4,4
704,490,700,492,5,5,5
704,490,699,488,5,5,5
704,490,703,484,5,5,5
706,325,709,323,11,11,11
706,325,704,320,11,11,11
706,325,697,329,11,11,11
706,372,704,368,4,4,4
706,372,701,375,4,4,4
706,372,701,367,4,4,4
709,323,706,325,15,15,15
709,323,704,320,15,15,15
709,323,715,331,15,15,15
709,336,710,343,6,6,6
709,336,715,331,6,6,6
709,336,719,332,6,6,6
710,343,709,336,6,6,6
710,343,711,350,6,6,6
710,343,715,331,6,6,6
710,508,716,504,5,5,5
710,508,716,503,5,5,5
710,508,720,508,5,5,5
711,350,710,343,4,4,4
711,350,709,336,4,4,4
711,350,695,356,4,4,4
711,468,701,469,9,9,9
711,468,703,484,9,9,9
711,468,696,458,9,9,9
711,497,716,491,6,6,6
711,497,716,503,6,6,6
711,497,716,504,6,6,6
715,331,719,332,8,8,8
715,331,709,336,8,8,8
715,331,722,336,8,8,8
716,491,720,497,22,22,22
716,491,711,497,22,22,22
716,491,716,503,22,22,22
716,503,716,504,9,9,9
716,503,720,508,9,9,9
716,503,720,497,9,9,9
716,504,716,503,7,7,7
716,504,720,508,7,7,7
716,504,710,508,7,7,7
719,332,715,331,7,7,7
719,332,722,336,7,7,7
719,332,709,336,7,7,7
719,526,719,528,5,5,5
719,526,722,527,5,5,5
719,526,725,517,5,5,5
719,528,719,526,3,3,3
719,528,722,527,3,3,3
719,528,725,535,3,3,3
720,497,716,491,29,29,29
720,497,716,503,29,29,29
720,497,716,504,29,29,29
720,508,716,504,8,8,8
720,508,724,512,8,8,8
720,508,716,503,8,8,8
720,515,724,512,8,8,8
720,515,725,517,8,8,8
720,515,720,508,8,8,8
722,317,725,314,11,11,11
722,317,724,313,11,11,11
722,317,728,323,11,11,11
722,336,719,332,5,5,5
722,336,715,331,5,5,5
722,336,709,336,5,5,5
722,527,719,526,7,7,7
722,527,719,528,7,7,7
722,527,725,535,7,7,7
724,313,725,314,14,14,14
724,313,722,317,14,14,14
724,313,728,323,14,14,14
724,512,728,513,24,24,24
724,512,720,515,24,24,24
724,512,725,517,24,24,24
725,314,724,313,10,10,10
725,314,722,317,10,10,10
725,314,728,323,10,10,10
725,517,728,513,11,11,11
725,517,724,512,11,11,11
725,517,730,516,11,11,11
725,535,730,536,8,8,8
725,535,722,527,8,8,8
725,535,719,528,8,8,8
728,323,735,319,6,6,6
728,323,736,322,6,6,6
728,323,722,317,6,6,6
728,513,730,516,21,21,21
728,513,724,512,21,21,21
728,513,725,517,21,21,21
730,516,728,513,3,3,3
730,516,725,517,3,3,3
730,516,731,521,3,3,3
730,536,725,535,10,10,10
730,536,730,544,10,10,10
730,536,739,534,10,10,10
730,544,730,536,4,4,4
730,544,725,535,4,4,4
730,544,737,555,4,4,4
731,521,730,516,8,8,8
731,521,725,517,8,8,8
731,521,728,513,8,8,8
733,306,734,304,16,16,16
733,306,743,307,16,16,16
733,306,725,314,16,16,16
734,304,733,306,26,26,26
734,304,743,307,26,26,26
734,304,743,300,26,26,26
735,319,736,322,5,5,5
735,319,728,323,5,5,5
735,319,725,314,5,5,5
736,322,735,319,0,0,0
736,322,728,323,0,0,0
736,322,725,314,0,0,0
736,556,737,555,58,58,58
736,556,741,558,58,58,58
736,556,730,544,58,58,58
737,555,736,556,5,5,5
737,555,741,558,5,5,5
737,555,730,544,5,5,5
739,534,730,536,17,17,17
739,534,730,544,17,17,17
739,534,725,535,17,17,17
741,558,737,555,6,6,6
741,558,736,556,6,6,6
741,558,750,556,6,6,6
743,300,747,297,17,17,17
743,300,743,307,17,17,17
743,300,749,294,17,17,17
743,307,745,311,10,10,10
743,307,749,306,10,10,10
743,307,743,300,10,10,10
745,311,743,307,8,8,8
745,311,749,306,8,8,8
745,311,743,300,8,8,8
747,297,749,294,23,23,23
747,297,743,300,23,23,23
747,297,749,306,23,23,23
749,294,747,297,17,17,17
749,294,743,300,17,17,17
749,294,757,287,17,17,17
749,306,743,307,9,9,9
749,306,745,311,9,9,9
749,306,743,300,9,9,9
750,556,751,555,13,13,13
750,556,752,559,13,13,13
750,556,753,562,13,13,13
751,555,750,556,14,14,14
751,555,752,559,14,14,14
751,555,753,562,14,14,14
752,559,753,562,12,12,12
752,559,750,556,12,12,12
752,559,751,555,12,12,12
753,562,752,559,24,24,24
753,562,750,556,24,24,24
753,562,751,555,24,24,24
757,287,762,289,0,0,0
757,287,749,294,0,0,0
757,287,747,297,0,0,0
760,560,753,562,59,59,59
760,560,752,559,59,59,59
760,560,751,555,59,59,59
762,289,757,287,20,20,20
762,289,770,294,20,20,20
762,289,772,295,20,20,20
763,571,764,570,46,46,46
763,571,764,573,46,46,46
763,571,760,560,46,46,46
764,570,763,571,52,52,52
764,570,764,573,52,52,52
764,570,760,560,52,52,52
764,573,763,571,47,47,47
764,573,764,570,47,47,47
764,573,760,560,47,47,47
770,294,772,295,14,14,14
770,294,774,294,14,14,14
770,294,762,289,14,14,14
772,295,770,294,9,9,9
772,295,774,294,9,9,9
772,295,779,288,9,9,9
774,294,772,295,6,6,6
774,294,770,294,6,6,6
774,294,779,288,6,6,6
779,288,783,285,7,7,7
779,288,774,294,7,7,7
779,288,785,295,7,7,7
783,285,779,288,8,8,8
783,285,784,280,8,8,8
783,285,788,280,8,8,8
784,280,787,279,10,10,10
784,280,788,280,10,10,10
784,280,783,285,10,10,10
785,295,791,293,10,10,10
785,295,779,288,10,10,10
785,295,783,285,10,10,10
787,279,788,280,3,3,3
787,279,784,280,3,3,3
787,279,790,284,3,3,3
788,280,787,279,8,8,8
788,280,784,280,8,8,8
788,280,790,284,8,8,8
790,284,788,280,6,6,6
790,284,795,286,6,6,6
790,284,787,279,6,6,6
791,293,785,295,2,2,2
791,293,797,291,2,2,2
791,293,796,288,2,2,2
792,274,794,274,5,5,5
792,274,787,279,5,5,5
792,274,788,280,5,5,5
794,274,792,274,27,27,27
794,274,801,276,27,27,27
794,274,788,280,27,27,27
795,286,796,288,9,9,9
795,286,790,284,9,9,9
795,286,797,291,9,9,9
796,288,795,286,8,8,8
796,288,797,291,8,8,8
796,288,791,293,8,8,8
797,291,796,288,0,0,0
797,291,795,286,0,0,0
797,291,791,293,0,0,0
800,599,764,573,129,129,129
800,599,764,570,129,129,129
800,599,763,571,129,129,129
801,276,802,283,14,14,14
801,276,794,274,14,14,14
801,276,807,282,14,14,14
802,283,807,282,12,12,12
802,283,801,276,12,12,12
802,283,795,286,12,12,12
807,282,802,283,13,13,13
807,282,813,286,13,13,13
807,282,801,276,13,13,13
808,269,813,274,5,5,5
808,269,801,276,5,5,5
808,269,807,282,5,5,5
813,274,808,269,10,10,10
813,274,807,282,10,10,10
813,274,823,274,10,10,10
813,286,807,282,30,30,30
813,286,802,283,30,30,30
813,286,813,274,30,30,30
823,274,825,277,13,13,13
823,274,832,274,13,13,13
823,274,826,265,13,13,13
825,277,823,274,13,13,13
825,277,832,274,13,13,13
825,277,826,265,13,13,13
826,265,831,263,6,6,6
826,265,823,274,6,6,6
826,265,835,268,6,6,6
831,263,826,265,2,2,2
831,263,835,268,2,2,2
831,263,832,274,2,2,2
832,274,835,268,14,14,14
832,274,825,277,14,14,14
832,274,823,274,14,14,14
835,268,831,263,23,23,23
835,268,832,274,23,23,23
835,268,826,265,23,23,23
835,646,800,599,197,197,197
835,646,872,613,197,197,197
847,265,848,261,30,30,30
847,265,856,268,30,30,30
847,265,835,268,30,30,30
848,261,847,265,28,28,28
848,261,856,268,28,28,28
848,261,860,267,28,28,28
856,268,860,267,14,14,14
856,268,863,271,14,14,14
856,268,847,265,14,14,14
860,267,856,268,14,14,14
860,267,863,271,14,14,14
860,267,867,270,14,14,14
863,271,865,274,18,18,18
863,271,867,270,18,18,18
863,271,860,267,18,18,18
865,259,869,265,17,17,17
865,259,860,267,17,17,17
865,259,867,270,17,17,17
865,274,863,271,9,9,9
865,274,867,270,9,9,9
865,274,871,273,9,9,9
867,270,863,271,17,17,17
867,270,865,274,17,17,17
867,270,871,273,17,17,17
869,265,867,270,10,10,10
869,265,865,259,10,10,10
869,265,871,273,10,10,10
871,273,867,270,5,5,5
871,273,865,274,5,5,5
871,273,863,271,5,5,5
872,613,835,646,95,95,95
872,613,918,618,95,95,95
879,267,880,267,13,13,13
879,267,884,266,13,13,13
879,267,887,263,13,13,13
880,267,879,267,14,14,14
880,267,884,266,14,14,14
880,267,887,263,14,14,14
884,266,880,267,13,13,13
884,266,887,263,13,13,13
884,266,879,267,13,13,13
887,263,884,266,8,8,8
887,263,880,267,8,8,8
887,263,879,267,8,8,8
891,271,884,266,8,8,8
891,271,887,263,8,8,8
891,271,896,261,8,8,8
896,261,901,261,15,15,15
896,261,887,263,15,15,15
896,261,891,271,15,15,15
901,261,896,261,14,14,14
901,261,912,264,14,14,14
901,261,887,263,14,14,14
911,274,912,273,1,1,1
911,274,912,264,1,1,1
911,274,921,269,1,1,1
912,264,918,265,9,9,9
912,264,912,273,9,9,9
912,264,911,274,9,9,9
912,273,911,274,20,20,20
912,273,912,264,20,20,20
912,273,921,269,20,20,20
918,265,921,269,9,9,9
918,265,912,264,9,9,9
918,265,922,259,9,9,9
918,618,933,615,107,107,107
918,618,934,615,107,107,107
918,618,948,611,107,107,107
921,269,918,265,11,11,11
921,269,928,266,11,11,11
921,269,912,273,11,11,11
922,259,927,257,27,27,27
922,259,918,265,27,27,27
922,259,928,266,27,27,27
927,257,922,259,18,18,18
927,257,928,266,18,18,18
927,257,918,265,18,18,18
928,266,921,269,9,9,9
928,266,934,272,9,9,9
928,266,927,257,9,9,9
933,615,918,618,70,70,70
933,615,934,615,70,70,70
933,615,948,611,70,70,70
934,272,936,271,8,8,8
934,272,928,266,8,8,8
934,272,941,267,8,8,8
934,615,918,618,68,68,68
934,615,933,615,68,68,68
934,615,948,611,68,68,68
936,271,934,272,7,7,7
936,271,941,267,7,7,7
936,271,928,266,7,7,7
941,267,936,271,10,10,10
941,267,934,272,10,10,10
941,267,950,275,10,10,10
948,611,918,618,75,75,75
948,611,933,615,75,75,75
948,611,934,615,75,75,75
950,275,956,265,1,1,1
950,275,941,267,1,1,1
950,275,957,265,1,1,1
953,263,956,265,9,9,9
953,263,957,265,9,9,9
953,263,959,263,9,9,9
956,265,957,265,8,8,8
956,265,953,263,8,8,8
956,265,959,263,8,8,8
957,265,956,265,8,8,8
957,265,959,263,8,8,8
957,265,953,263,8,8,8
959,263,957,265,9,9,9
959,263,956,265,9,9,9
959,263,953,263,9,9,9
962,255,959,263,0,0,0
962,255,965,265,0,0,0
962,255,957,265,0,0,0
964,276,967,269,22,22,22
964,276,965,265,22,22,22
964,276,957,265,22,22,22
965,265,967,269,8,8,8
965,265,959,263,8,8,8
965,265,957,265,8,8,8
967,269,965,265,9,9,9
967,269,964,276,9,9,9
967,269,959,263,9,9,9
969,503,987,520,162,162,162
969,503,995,482,162,162,162
969,503,978,541,162,162,162
978,541,987,520,161,161,161
978,541,1010,545,161,161,161
978,541,969,503,161,161,161
980,269,983,273,7,7,7
980,269,991,274,7,7,7
980,269,990,261,7,7,7
983,273,980,269,8,8,8
983,273,991,274,8,8,8
983,273,992,264,8,8,8
987,520,978,541,116,116,116
987,520,969,503,116,116,116
987,520,1010,545,116,116,116
989,457,969,503,170,170,170
989,457,995,482,170,170,170
989,457,1008,447,170,170,170
990,260,990,261,7,7,7
990,260,992,262,7,7,7
990,260,992,264,7,7,7
990,261,990,260,12,12,12
990,261,992,262,12,12,12
990,261,992,264,12,12,12
991,274,997,272,9,9,9
991,274,983,273,9,9,9
991,274,999,277,9,9,9
992,262,992,264,13,13,13
992,262,990,261,13,13,13
992,262,990,260,13,13,13
992,264,992,262,11,11,11
992,264,990,261,11,11,11
992,264,990,260,11,11,11
995,482,989,457,62,62,62
995,482,969,503,62,62,62
995,482,1008,447,62,62,62
997,272,999,277,8,8,8
997,272,991,274,8,8,8
997,272,1000,280,8,8,8
999,277,1000,280,7,7,7
999,277,997,272,7,7,7
999,277,991,274,7,7,7
1000,280,999,277,0,0,0
1000,280,997,272,0,0,0
1000,280,991,274,0,0,0
1002,597,1005,592,97,97,97
1002,597,1007,590,97,97,97
1002,597,1011,588,97,97,97
1005,592,1007,590,23,23,23
1005,592,1002,597,23,23,23
1005,592,1011,588,23,23,23
1007,590,1005,592,13,13,13
1007,590,1011,588,13,13,13
1007,590,1012,589,13,13,13
1008,447,989,457,94,94,94
1008,447,995,482,94,94,94
1008,447,1041,399,94,94,94
1010,545,1036,562,197,197,197
1010,545,978,541,197,197,197
1010,545,987,520,197,197,197
1011,265,1011,271,14,14,14
1011,265,1021,265,14,14,14
1011,265,1017,276,14,14,14
1011,271,1011,265,8,8,8
1011,271,1017,276,8,8,8
1011,271,1021,273,8,8,8
1011,588,1012,589,17,17,17
1011,588,1013,587,17,17,17
1011,588,1007,590,17,17,17
1012,589,1011,588,14,14,14
1012,589,1013,587,14,14,14
1012,589,1007,590,14,14,14
1013,587,1011,588,18,18,18
1013,587,1012,589,18,18,18
1013,587,1007,590,18,18,18
1017,276,1021,273,15,15,15
1017,276,1019,283,15,15,15
1017,276,1011,271,15,15,15
1019,283,1023,283,16,16,16
1019,283,1025,280,16,16,16
1019,283,1017,276,16,16,16
1021,265,1028,262,8,8,8
1021,265,1021,273,8,8,8
1021,265,1011,265,8,8,8
1021,273,1017,276,9,9,9
1021,273,1021,265,9,9,9
1021,273,1025,280,9,9,9
1023,283,1025,280,11,11,11
1023,283,1019,283,11,11,11
1023,283,1027,282,11,11,11
1024,589,1013,587,40,40,40
1024,589,1030,579,40,40,40
1024,589,1012,589,40,40,40
1025,280,1027,282,19,19,19
1025,280,1023,283,19,19,19
1025,280,1019,283,19,19,19
1026,287,1023,283,51,51,51
1026,287,1027,282,51,51,51
1026,287,1025,280,51,51,51
1026,576,1030,579,16,16,16
1026,576,1024,589,16,16,16
1026,576,1040,568,16,16,16
1027,282,1025,280,2,2,2
1027,282,1023,283,2,2,2
1027,282,1026,287,2,2,2
1028,262,1021,265,20,20,20
1028,262,1036,264,20,20,20
1028,262,1037,264,20,20,20
1029,638,1048,645,174,174,174
1029,638,1002,597,174,174,174
1029,638,1024,589,174,174,174
1030,579,1026,576,25,25,25
1030,579,1024,589,25,25,25
1030,579,1040,568,25,25,25
1031,274,1036,270,22,22,22
1031,274,1035,281,22,22,22
1031,274,1025,280,22,22,22
1034,285,1035,281,3,3,3
1034,285,1037,280,3,3,3
1034,285,1027,282,3,3,3
1035,281,1037,280,33,33,33
1035,281,1034,285,33,33,33
1035,281,1027,282,33,33,33
1036,264,1037,264,9,9,9
1036,264,1036,270,9,9,9
1036,264,1028,262,9,9,9
1036,270,1036,264,7,7,7
1036,270,1037,264,7,7,7
1036,270,1031,274,7,7,7
1036,562,1040,568,70,70,70
1036,562,1026,576,70,70,70
1036,562,1030,579,70,70,70
1037,264,1036,264,11,11,11
1037,264,1036,270,11,11,11
1037,264,1045,264,11,11,11
1037,280,1035,281,24,24,24
1037,280,1034,285,24,24,24
1037,280,1042,286,24,24,24
1040,568,1036,562,12,12,12
1040,568,1030,579,12,12,12
1040,568,1026,576,12,12,12
1041,399,1008,447,159,159,159
1042,286,1037,280,12,12,12
1042,286,1048,291,12,12,12
1042,286,1034,285,12,12,12
1045,264,1037,264,1,1,1
1045,264,1036,264,1,1,1
1045,264,1036,270,1,1,1
1048,291,1049,294,5,5,5
1048,291,1042,286,5,5,5
1048,291,1053,284,5,5,5
1048,645,1002,597,183,183,183
1048,645,1029,638,183,183,183
1049,294,1048,291,13,13,13
1049,294,1042,286,13,13,13
1049,294,1053,284,13,13,13
1051,275,1056,268,25,25,25
1051,275,1053,284,25,25,25
1051,275,1062,274,25,25,25
1052,553,1062,548,50,50,50
1052,553,1036,562,50,50,50
1052,553,1040,568,50,50,50
1053,284,1060,285,15,15,15
1053,284,1048,291,15,15,15
1053,284,1051,275,15,15,15
1056,268,1062,274,9,9,9
1056,268,1051,275,9,9,9
1056,268,1045,264,9,9,9
1060,285,1053,284,13,13,13
1060,285,1071,285,13,13,13
1060,285,1062,274,13,13,13
1062,274,1056,268,13,13,13
1062,274,1051,275,13,13,13
1062,274,1060,285,13,13,13
1062,548,1052,553,110,110,110
1062,548,1068,525,110,110,110
1062,548,1077,525,110,110,110
1068,297,1070,295,11,11,11
1068,297,1069,300,11,11,11
1068,297,1072,294,11,11,11
1068,525,1077,525,38,38,38
1068,525,1074,514,38,38,38
1068,525,1086,512,38,38,38
1069,300,1068,297,8,8,8
1069,300,1070,295,8,8,8
1069,300,1072,294,8,8,8
1070,295,1072,294,11,11,11
1070,295,1068,297,11,11,11
1070,295,1069,300,11,11,11
1071,285,1073,277,11,11,11
1071,285,1079,288,11,11,11
1071,285,1078,290,11,11,11
1071,312,1080,307,96,96,96
1071,312,1069,300,96,96,96
1071,312,1077,299,96,96,96
1072,294,1070,295,10,10,10
1072,294,1068,297,10,10,10
1072,294,1069,300,10,10,10
1073,277,1074,276,10,10,10
1073,277,1080,277,10,10,10
1073,277,1071,285,10,10,10
1074,276,1073,277,9,9,9
1074,276,1080,277,9,9,9
1074,276,1071,285,9,9,9
1074,514,1081,506,48,48,48
1074,514,1077,525,48,48,48
1074,514,1086,512,48,48,48
1077,299,1080,293,9,9,9
1077,299,1072,294,9,9,9
1077,299,1069,300,9,9,9
1077,525,1068,525,43,43,43
1077,525,1074,514,43,43,43
1077,525,1086,512,43,43,43
1078,290,1079,288,6,6,6
1078,290,1080,293,6,6,6
1078,290,1083,293,6,6,6
1079,288,1078,290,5,5,5
1079,288,1080,293,5,5,5
1079,288,1083,293,5,5,5
1080,277,1074,276,8,8,8
1080,277,1073,277,8,8,8
1080,277,1088,283,8,8,8
1080,293,1083,293,9,9,9
1080,293,1078,290,9,9,9
1080,293,1079,288,9,9,9
1080,307,1086,307,15,15,15
1080,307,1077,299,15,15,15
1080,307,1071,312,15,15,15
1081,506,1086,512,67,67,67
1081,506,1074,514,67,67,67
1081,506,1092,498,67,67,67
1083,293,1080,293,8,8,8
1083,293,1078,290,8,8,8
1083,293,1079,288,8,8,8
1085,490,1087,492,45,45,45
1085,490,1093,486,45,45,45
1085,490,1092,498,45,45,45
1086,307,1080,307,11,11,11
1086,307,1093,313,11,11,11
1086,307,1092,299,11,11,11
1086,512,1081,506,38,38,38
1086,512,1074,514,38,38,38
1086,512,1092,498,38,38,38
1087,492,1085,490,27,27,27
1087,492,1092,498,27,27,27
1087,492,1093,486,27,27,27
1088,283,1090,278,7,7,7
1088,283,1097,280,7,7,7
1088,283,1080,277,7,7,7
1089,328,1092,321,19,19,19
1089,328,1102,330,19,19,19
1089,328,1103,329,19,19,19
1090,278,1088,283,8,8,8
1090,278,1092,272,8,8,8
1090,278,1097,280,8,8,8
1090,477,1096,480,49,49,49
1090,477,1097,471,49,49,49
1090,477,1093,486,49,49,49
1092,272,1097,274,0,0,0
1092,272,1090,278,0,0,0
1092,272,1097,280,0,0,0
1092,299,1094,298,8,8,8
1092,299,1094,300,8,8,8
1092,299,1086,307,8,8,8
1092,321,1089,328,11,11,11
1092,321,1097,315,11,11,11
1092,321,1093,313,11,11,11
1092,498,1087,492,31,31,31
1092,498,1085,490,31,31,31
1092,498,1093,486,31,31,31
1093,313,1097,315,10,10,10
1093,313,1092,321,10,10,10
1093,313,1086,307,10,10,10
1093,486,1096,480,25,25,25
1093,486,1087,492,25,25,25
1093,486,1085,490,25,25,25
1094,298,1094,300,7,7,7
1094,298,1092,299,7,7,7
1094,298,1102,302,7,7,7
1094,300,1094,298,8,8,8
1094,300,1092,299,8,8,8
1094,300,1102,302,8,8,8
1096,480,1090,477,25,25,25
1096,480,1093,486,25,25,25
1096,480,1097,471,25,25,25
1097,274,1092,272,19,19,19
1097,274,1097,280,19,19,19
1097,274,1090,278,19,19,19
1097,280,1097,274,6,6,6
1097,280,1103,283,6,6,6
1097,280,1090,278,6,6,6
1097,315,1093,313,10,10,10
1097,315,1103,311,10,10,10
1097,315,1092,321,10,10,10
1097,471,1096,480,53,53,53
1097,471,1090,477,53,53,53
1097,471,1093,486,53,53,53
1102,302,1094,300,9,9,9
1102,302,1094,298,9,9,9
1102,302,1103,311,9,9,9
1102,330,1103,329,5,5,5
1102,330,1104,336,5,5,5
1102,330,1111,333,5,5,5
1102,340,1104,336,5,5,5
1102,340,1106,345,5,5,5
1102,340,1109,343,5,5,5
1102,418,1103,416,73,73,73
1102,418,1105,421,73,73,73
1102,418,1106,425,73,73,73
1102,435,1106,425,41,41,41
1102,435,1115,431,41,41,41
1102,435,1105,421,41,41,41
1103,283,1097,280,6,6,6
1103,283,1110,278,6,6,6
1103,283,1112,278,6,6,6
1103,311,1097,315,8,8,8
1103,311,1102,302,8,8,8
1103,311,1093,313,8,8,8
1103,329,1102,330,5,5,5
1103,329,1104,336,5,5,5
1103,329,1111,333,5,5,5
1103,416,1102,418,58,58,58
1103,416,1105,421,58,58,58
1103,416,1106,425,58,58,58
1104,336,1102,340,5,5,5
1104,336,1102,330,5,5,5
1104,336,1103,329,5,5,5
1105,392,1107,391,31,31,31
1105,392,1108,389,31,31,31
1105,392,1108,387,31,31,31
1105,421,1106,425,16,16,16
1105,421,1102,418,16,16,16
1105,421,1103,416,16,16,16
1106,345,1109,343,5,5,5
1106,345,1102,340,5,5,5
1106,345,1110,351,5,5,5
1106,425,1105,421,11,11,11
1106,425,1102,418,11,11,11
1106,425,1103,416,11,11,11
1107,391,1105,392,11,11,11
1107,391,1108,389,11,11,11
1107,391,1108,387,11,11,11
1108,357,1110,351,5,5,5
1108,357,1110,364,5,5,5
1108,357,1116,358,5,5,5
1108,387,1108,389,9,9,9
1108,387,1111,387,9,9,9
1108,387,1107,391,9,9,9
1108,389,1108,387,8,8,8
1108,389,1107,391,8,8,8
1108,389,1111,387,8,8,8
1109,343,1106,345,5,5,5
1109,343,1102,340,5,5,5
1109,343,1110,351,5,5,5
1110,278,1112,278,5,5,5
1110,278,1118,278,5,5,5
1110,278,1103,283,5,5,5
1110,351,1108,357,5,5,5
1110,351,1106,345,5,5,5
1110,351,1109,343,5,5,5
1110,364,1108,357,5,5,5
1110,364,1116,358,5,5,5
1110,364,1110,351,5,5,5
1111,333,1104,336,4,4,4
1111,333,1103,329,4,4,4
1111,333,1102,330,4,4,4
1111,387,1108,387,5,5,5
1111,387,1108,389,5,5,5
1111,387,1107,391,5,5,5
1112,278,1110,278,4,4,4
1112,278,1118,278,4,4,4
1112,278,1121,282,4,4,4
1112,290,1114,294,8,8,8
1112,290,1120,289,8,8,8
1112,290,1118,296,8,8,8
1113,472,1097,471,0,0,0
1113,472,1096,480,0,0,0
1113,472,1090,477,0,0,0
1114,294,1112,290,8,8,8
1114,294,1118,296,8,8,8
1114,294,1117,298,8,8,8
1115,431,1122,438,15,15,15
1115,431,1121,439,15,15,15
1115,431,1123,438,15,15,15
1116,358,1108,357,5,5,5
1116,358,1110,364,5,5,5
1116,358,1123,363,5,5,5
1117,298,1118,296,9,9,9
1117,298,1114,294,9,9,9
1117,298,1112,290,9,9,9
1117,312,1118,310,4,4,4
1117,312,1123,318,4,4,4
1117,312,1117,322,4,4,4
1117,322,1123,318,4,4,4
1117,322,1126,323,4,4,4
1117,322,1126,325,4,4,4
1118,278,1121,282,20,20,20
1118,278,1112,278,20,20,20
1118,278,1121,284,20,20,20
1118,296,1117,298,8,8,8
1118,296,1114,294,8,8,8
1118,296,1120,289,8,8,8
1118,310,1117,312,4,4,4
1118,310,1123,318,4,4,4
1118,310,1129,309,4,4,4
1118,395,1120,400,13,13,13
1118,395,1122,389,13,13,13
1118,395,1124,399,13,13,13
1120,289,1121,284,9,9,9
1120,289,1121,282,9,9,9
1120,289,1118,296,9,9,9
1120,400,1124,399,17,17,17
1120,400,1118,395,17,17,17
1120,400,1122,389,17,17,17
1121,282,1121,284,7,7,7
1121,282,1118,278,7,7,7
1121,282,1120,289,7,7,7
1121,284,1121,282,7,7,7
1121,284,1120,289,7,7,7
1121,284,1118,278,7,7,7
1121,342,1130,346,4,4,4
1121,342,1109,343,4,4,4
1121,342,1134,343,4,4,4
1121,439,1122,438,18,18,18
1121,439,1123,438,18,18,18
1121,439,1115,431,18,18,18
1122,372,1124,370,6,6,6
1122,372,1123,363,6,6,6
1122,372,1129,379,6,6,6
1122,389,1123,387,12,12,12
1122,389,1118,395,12,12,12
1122,389,1124,399,12,12,12
1122,438,1123,438,20,20,20
1122,438,1121,439,20,20,20
1122,438,1115,431,20,20,20
1123,318,1128,317,4,4,4
1123,318,1126,323,4,4,4
1123,318,1117,322,4,4,4
1123,363,1126,362,5,5,5
1123,363,1126,358,5,5,5
1123,363,1124,370,5,5,5
1123,387,1122,389,12,12,12
1123,387,1128,380,12,12,12
1123,387,1118,395,12,12,12
1123,438,1122,438,15,15,15
1123,438,1121,439,15,15,15
1123,438,1126,428,15,15,15
1124,370,1122,372,6,6,6
1124,370,1123,363,6,6,6
1124,370,1126,362,6,6,6
1124,399,1120,400,23,23,23
1124,399,1118,395,23,23,23
1124,399,1132,402,23,23,23
1125,423,1126,428,6,6,6
1125,423,1129,417,6,6,6
1125,423,1115,431,6,6,6
1126,323,1126,325,4,4,4
1126,323,1123,318,4,4,4
1126,323,1128,317,4,4,4
1126,325,1126,323,4,4,4
1126,325,1131,329,4,4,4
1126,325,1123,318,4,4,4
1126,358,1128,357,5,5,5
1126,358,1126,362,5,5,5
1126,358,1130,354,5,5,5
1126,362,1123,363,5,5,5
1126,362,1126,358,5,5,5
1126,362,1130,362,5,5,5
1126,428,1125,423,0,0,0
1126,428,1123,438,0,0,0
1126,428,1122,438,0,0,0
1128,317,1123,318,4,4,4
1128,317,1126,323,4,4,4
1128,317,1132,312,4,4,4
1128,357,1126,358,5,5,5
1128,357,1130,354,5,5,5
1128,357,1126,362,5,5,5
1128,380,1129,379,9,9,9
1128,380,1134,380,9,9,9
1128,380,1123,387,9,9,9
1129,302,1132,305,10,10,10
1129,302,1129,309,10,10,10
1129,302,1136,309,10,10,10
1129,309,1132,312,4,4,4
1129,309,1132,305,4,4,4
1129,309,1135,310,4,4,4
1129,379,1128,380,10,10,10
1129,379,1134,380,10,10,10
1129,379,1122,372,10,10,10
1129,417,1125,423,8,8,8
1129,417,1126,428,8,8,8
1129,417,1132,402,8,8,8
1130,346,1134,343,5,5,5
1130,346,1135,343,5,5,5
1130,346,1136,344,5,5,5
1130,354,1128,357,5,5,5
1130,354,1134,351,5,5,5
1130,354,1126,358,5,5,5
1130,362,1126,362,5,5,5
1130,362,1128,357,5,5,5
1130,362,1126,358,5,5,5
1131,286,1121,284,6,6,6
1131,286,1121,282,6,6,6
1131,286,1120,289,6,6,6
1131,329,1135,327,4,4,4
1131,329,1136,331,4,4,4
1131,329,1126,325,4,4,4
1132,305,1129,302,6,6,6
1132,305,1129,309,6,6,6
1132,305,1136,309,6,6,6
1132,312,1135,310,4,4,4
1132,312,1129,309,4,4,4
1132,312,1136,309,4,4,4
1132,402,1124,399,0,0,0
1132,402,1120,400,0,0,0
1132,402,1129,417,0,0,0
1133,367,1130,362,5,5,5
1133,367,1139,364,5,5,5
1133,367,1126,362,5,5,5
1134,343,1135,343,4,4,4
1134,343,1136,344,4,4,4
1134,343,1130,346,4,4,4
1134,351,1130,354,5,5,5
1134,351,1137,347,5,5,5
1134,351,1130,346,5,5,5
1134,380,1129,379,37,37,37
1134,380,1128,380,37,37,37
1134,380,1123,387,37,37,37
1135,310,1136,309,4,4,4
1135,310,1132,312,4,4,4
1135,310,1132,305,4,4,4
1135,327,1136,331,4,4,4
1135,327,1131,329,4,4,4
1135,327,1137,332,4,4,4
1135,343,1134,343,4,4,4
1135,343,1136,344,4,4,4
1135,343,1137,347,4,4,4
1136,309,1135,310,4,4,4
1136,309,1132,312,4,4,4
1136,309,1132,305,4,4,4
1136,331,1137,332,4,4,4
1136,331,1135,327,4,4,4
1136,331,1131,329,4,4,4
1136,344,1135,343,5,5,5
1136,344,1134,343,5,5,5
1136,344,1137,347,5,5,5
1137,332,1136,331,4,4,4
1137,332,1142,332,4,4,4
1137,332,1135,327,4,4,4
1137,347,1136,344,5,5,5
1137,347,1135,343,5,5,5
1137,347,1134,343,5,5,5
1139,364,1143,365,6,6,6
1139,364,1133,367,6,6,6
1139,364,1130,362,6,6,6
1140,315,1142,315,4,4,4
1140,315,1141,313,4,4,4
1140,315,1143,319,4,4,4
1141,313,1140,315,4,4,4
1141,313,1142,315,4,4,4
1141,313,1145,314,4,4,4
1142,305,1148,305,8,8,8
1142,305,1136,309,8,8,8
1142,305,1141,313,8,8,8
1142,315,1140,315,4,4,4
1142,315,1141,313,4,4,4
1142,315,1145,314,4,4,4
1142,320,1143,319,4,4,4
1142,320,1142,315,4,4,4
1142,320,1140,315,4,4,4
1142,332,1137,332,4,4,4
1142,332,1136,331,4,4,4
1142,332,1145,340,4,4,4
1143,288,1147,288,7,7,7
1143,288,1131,286,7,7,7
1143,288,1156,288,7,7,7
1143,319,1142,320,4,4,4
1143,319,1142,315,4,4,4
1143,319,1140,315,4,4,4
1143,365,1139,364,6,6,6
1143,365,1133,367,6,6,6
1143,365,1152,360,6,6,6
1145,314,1142,315,4,4,4
1145,314,1148,312,4,4,4
1145,314,1141,313,4,4,4
1145,340,1142,332,4,4,4
1145,340,1136,344,4,4,4
1145,340,1135,343,4,4,4
1147,288,1143,288,7,7,7
1147,288,1156,288,7,7,7
1147,288,1156,297,7,7,7
1148,305,1151,304,7,7,7
1148,305,1153,304,7,7,7
1148,305,1151,310,7,7,7
1148,312,1145,314,4,4,4
1148,312,1151,310,4,4,4
1148,312,1152,314,4,4,4
1149,325,1143,319,4,4,4
1149,325,1142,320,4,4,4
1149,325,1157,330,4,4,4
1151,304,1153,304,8,8,8
1151,304,1148,305,8,8,8
1151,304,1151,310,8,8,8
1151,310,1148,312,5,5,5
1151,310,1152,314,5,5,5
1151,310,1148,305,5,5,5
1152,314,1151,310,4,4,4
1152,314,1148,312,4,4,4
1152,314,1145,314,4,4,4
1152,355,1152,357,5,5,5
1152,355,1153,353,5,5,5
1152,355,1152,360,5,5,5
1152,357,1152,355,7,7,7
1152,357,1152,360,7,7,7
1152,357,1153,353,7,7,7
1152,360,1152,357,12,12,12
1152,360,1152,355,12,12,12
1152,360,1153,353,12,12,12
1153,304,1151,304,5,5,5
1153,304,1148,305,5,5,5
1153,304,1151,310,5,5,5
1153,353,1152,355,5,5,5
1153,353,1152,357,5,5,5
1153,353,1152,360,5,5,5
1156,288,1147,288,6,6,6
1156,288,1156,297,6,6,6
1156,288,1143,288,6,6,6
1156,297,1153,304,4,4,4
1156,297,1151,304,4,4,4
1156,297,1156,288,4,4,4
1157,330,1149,325,4,4,4
1157,330,1160,318,4,4,4
1157,330,1169,323,4,4,4
1159,316,1160,318,4,4,4
1159,316,1161,312,4,4,4
1159,316,1164,317,4,4,4
1159,357,1162,355,6,6,6
1159,357,1152,357,6,6,6
1159,357,1153,353,6,6,6
1160,318,1159,316,4,4,4
1160,318,1164,317,4,4,4
1160,318,1161,312,4,4,4
1161,312,1159,316,4,4,4
1161,312,1164,317,4,4,4
1161,312,1160,318,4,4,4
1162,304,1165,303,4,4,4
1162,304,1167,307,4,4,4
1162,304,1161,312,4,4,4
1162,350,1162,355,5,5,5
1162,350,1159,357,5,5,5
1162,350,1153,353,5,5,5
1162,355,1159,357,6,6,6
1162,355,1162,350,6,6,6
1162,355,1153,353,6,6,6
1164,317,1160,318,4,4,4
1164,317,1159,316,4,4,4
1164,317,1168,321,4,4,4
1165,303,1162,304,4,4,4
1165,303,1167,307,4,4,4
1165,303,1173,302,4,4,4
1167,307,1167,311,4,4,4
1167,307,1165,303,4,4,4
1167,307,1162,304,4,4,4
1167,311,1167,307,4,4,4
1167,311,1161,312,4,4,4
1167,311,1164,317,4,4,4
1168,321,1169,323,4,4,4
1168,321,1164,317,4,4,4
1168,321,1172,326,4,4,4
1169,323,1168,321,5,5,5
1169,323,1172,326,5,5,5
1169,323,1164,317,5,5,5
1172,326,1169,323,20,20,20
1172,326,1168,321,20,20,20
1172,326,1164,317,20,20,20
1173,302,1167,307,21,21,21
1173,302,1165,303,21,21,21
1173,302,1167,311,21,21,21
